timestamp,interval_in_seconds,solar_irradiance_in_W_m2
2016-11-19 11:30:01,260700,407
2016-11-19 11:35:01,261000,375
2016-11-19 11:40:01,261300,479
2016-11-19 11:45:01,261600,448
2016-11-19 11:50:01,261900,432
2016-11-19 11:55:01,262200,331
2016-11-19 12:00:01,262500,426
2016-11-19 12:05:01,262800,431
2016-11-19 12:10:01,263100,385
2016-11-19 12:15:01,263400,296
2016-11-19 12:20:01,263700,302
2016-11-19 12:25:01,264000,265
2016-11-19 12:30:01,264300,296
2016-11-19 12:35:01,264600,289
2016-11-19 12:40:01,264900,279
2016-11-19 12:45:01,265200,237
2016-11-19 12:50:01,265500,217
2016-11-19 12:55:01,265800,208
2016-11-19 13:00:01,266100,159
2016-11-19 13:05:01,266400,92
2016-11-19 13:10:01,266700,61
2016-11-19 13:15:01,267000,52
2016-11-19 13:20:01,267300,47
2016-11-19 13:25:01,267600,130
2016-11-19 13:30:01,267900,205
2016-11-19 13:35:01,268200,256
2016-11-19 13:40:01,268500,176
2016-11-19 13:45:01,268800,163
2016-11-19 13:50:01,269100,182
2016-11-19 13:55:01,269400,181
2016-11-19 14:00:01,269700,183
2016-11-19 14:05:01,270000,142
2016-11-19 14:10:01,270300,56
2016-11-19 14:15:01,270600,68
2016-11-19 14:20:01,270900,86
2016-11-19 14:25:01,271200,96
2016-11-19 14:30:01,271500,136
2016-11-19 14:35:01,271800,126
2016-11-19 14:40:01,272100,142
2016-11-19 14:45:01,272400,120
2016-11-19 14:50:01,272700,107
2016-11-19 14:55:01,273000,94
2016-11-19 15:00:01,273300,87
2016-11-19 15:05:01,273600,90
2016-11-19 15:10:01,273900,91
2016-11-19 15:15:01,274200,80
2016-11-19 15:20:01,274500,70
2016-11-19 15:25:01,274800,52
2016-11-19 15:30:01,275100,50
2016-11-19 15:35:01,275400,51
2016-11-19 15:40:01,275700,41
2016-11-19 15:45:01,276000,49
2016-11-19 15:50:01,276300,49
2016-11-19 15:55:01,276600,53
2016-11-19 16:00:01,276900,38
2016-11-19 16:05:01,277200,34
2016-11-19 16:10:01,277500,29
2016-11-19 16:15:01,277800,25
2016-11-19 16:20:01,278100,21
2016-11-19 16:25:01,278400,23
2016-11-19 16:30:01,278700,23
2016-11-19 16:35:01,279000,18
2016-11-19 16:40:01,279300,18
2016-11-19 16:45:01,279600,0
2016-11-19 16:50:01,279900,0
2016-11-19 16:55:01,280200,0
2016-11-19 17:00:01,280500,0
2016-11-19 17:05:01,280800,0
2016-11-19 17:10:01,281100,0
2016-11-19 17:15:01,281400,0
2016-11-19 17:20:01,281700,0
2016-11-19 17:25:01,282000,0
2016-11-19 17:30:01,282300,0
2016-11-19 17:35:01,282600,0
2016-11-19 17:40:01,282900,0
2016-11-19 17:45:01,283200,0
2016-11-19 17:50:01,283500,0
2016-11-19 17:55:01,283800,0
2016-11-19 18:00:01,284100,0
2016-11-19 18:05:01,284400,0
2016-11-19 18:10:01,284700,0
2016-11-19 18:15:01,285000,0
2016-11-19 18:20:01,285300,0
2016-11-19 18:25:01,285600,0
2016-11-19 18:30:01,285900,0
2016-11-19 18:35:01,286200,0
2016-11-19 18:40:01,286500,0
2016-11-19 18:45:01,286800,0
2016-11-19 18:50:01,287100,0
2016-11-19 18:55:01,287400,0
2016-11-19 19:00:01,287700,0
2016-11-19 19:05:01,288000,0
2016-11-19 19:10:01,288300,0
2016-11-19 19:15:01,288600,0
2016-11-19 19:20:01,288900,0
2016-11-19 19:25:01,289200,0
2016-11-19 19:30:01,289500,0
2016-11-19 19:35:01,289800,0
2016-11-19 19:40:01,290100,0
2016-11-19 19:45:01,290400,0
2016-11-19 19:50:01,290700,0
2016-11-19 19:55:01,291000,0
2016-11-19 20:00:01,291300,0
2016-11-19 20:05:01,291600,0
2016-11-19 20:10:01,291900,0
2016-11-19 20:15:01,292200,0
2016-11-19 20:20:01,292500,0
2016-11-19 20:25:01,292800,0
2016-11-19 20:30:01,293100,0
2016-11-19 20:35:01,293400,0
2016-11-19 20:40:01,293700,0
2016-11-19 20:45:01,294000,0
2016-11-19 20:50:01,294300,0
2016-11-19 20:55:01,294600,0
2016-11-19 21:00:01,294900,0
2016-11-19 21:05:01,295200,0
2016-11-19 21:10:01,295500,0
2016-11-19 21:15:01,295800,0
2016-11-19 21:20:01,296100,0
2016-11-19 21:25:01,296400,0
2016-11-19 21:30:01,296700,0
2016-11-19 21:35:01,297000,0
2016-11-19 21:40:01,297300,0
2016-11-19 21:45:01,297600,0
2016-11-19 21:50:01,297900,0
2016-11-19 21:55:01,298200,0
2016-11-19 22:00:01,298500,0
2016-11-19 22:05:01,298800,0
2016-11-19 22:10:01,299100,0
2016-11-19 22:15:01,299400,0
2016-11-19 22:20:01,299700,0
2016-11-19 22:25:01,300000,0
2016-11-19 22:30:01,300300,0
2016-11-19 22:35:01,300600,0
2016-11-19 22:40:01,300900,0
2016-11-19 22:45:01,301200,0
2016-11-19 22:50:01,301500,0
2016-11-19 22:55:01,301800,0
2016-11-19 23:00:01,302100,0
2016-11-19 23:05:01,302400,0
2016-11-19 23:10:01,302700,0
2016-11-19 23:15:01,303000,0
2016-11-19 23:20:01,303300,0
2016-11-19 23:25:01,303600,0
2016-11-19 23:30:01,303900,0
2016-11-19 23:35:01,304200,0
2016-11-19 23:40:01,304500,0
2016-11-19 23:45:01,304800,0
2016-11-19 23:50:01,305100,0
2016-11-19 23:55:01,305400,0
2016-11-20 00:00:01,305700,0
2016-11-20 00:05:01,306000,0
2016-11-20 00:10:01,306300,0
2016-11-20 00:15:01,306600,0
2016-11-20 00:20:01,306900,0
2016-11-20 00:25:01,307200,0
2016-11-20 00:30:01,307500,0
2016-11-20 00:35:01,307800,0
2016-11-20 00:40:01,308100,0
2016-11-20 00:45:01,308400,0
2016-11-20 00:50:01,308700,0
2016-11-20 00:55:01,309000,0
2016-11-20 01:00:01,309300,0
2016-11-20 01:05:01,309600,0
2016-11-20 01:10:01,309900,0
2016-11-20 01:15:01,310200,0
2016-11-20 01:20:01,310500,0
2016-11-20 01:25:01,310800,0
2016-11-20 01:30:01,311100,0
2016-11-20 01:35:01,311400,0
2016-11-20 01:40:01,311700,0
2016-11-20 01:45:01,312000,0
2016-11-20 01:50:01,312300,0
2016-11-20 01:55:01,312600,0
2016-11-20 02:00:01,312900,0
2016-11-20 02:05:01,313200,0
2016-11-20 02:10:01,313500,0
2016-11-20 02:15:01,313800,0
2016-11-20 02:20:01,314100,0
2016-11-20 02:25:01,314400,0
2016-11-20 02:30:01,314700,0
2016-11-20 02:35:01,315000,0
2016-11-20 02:40:01,315300,0
2016-11-20 02:45:01,315600,0
2016-11-20 02:50:01,315900,0
2016-11-20 02:55:01,316200,0
2016-11-20 03:00:01,316500,0
2016-11-20 03:05:01,316800,0
2016-11-20 03:10:01,317100,0
2016-11-20 03:15:01,317400,0
2016-11-20 03:20:01,317700,0
2016-11-20 03:25:01,318000,0
2016-11-20 03:30:01,318300,0
2016-11-20 03:35:01,318600,0
2016-11-20 03:40:01,318900,0
2016-11-20 03:45:01,319200,0
2016-11-20 03:50:01,319500,0
2016-11-20 03:55:01,319800,0
2016-11-20 04:00:01,320100,0
2016-11-20 04:05:01,320400,0
2016-11-20 04:10:01,320700,0
2016-11-20 04:15:01,321000,0
2016-11-20 04:20:01,321300,0
2016-11-20 04:25:01,321600,0
2016-11-20 04:30:01,321900,0
2016-11-20 04:35:01,322200,0
2016-11-20 04:40:01,322500,0
2016-11-20 04:45:01,322800,0
2016-11-20 04:50:01,323100,0
2016-11-20 04:55:01,323400,0
2016-11-20 05:00:01,323700,0
2016-11-20 05:05:01,324000,0
2016-11-20 05:10:01,324300,0
2016-11-20 05:15:01,324600,0
2016-11-20 05:20:01,324900,0
2016-11-20 05:25:01,325200,0
2016-11-20 05:30:01,325500,0
2016-11-20 05:35:01,325800,0
2016-11-20 05:40:01,326100,0
2016-11-20 05:45:01,326400,0
2016-11-20 05:50:01,326700,0
2016-11-20 05:55:01,327000,0
2016-11-20 06:00:01,327300,0
2016-11-20 06:05:01,327600,0
2016-11-20 06:10:01,327900,0
2016-11-20 06:15:01,328200,0
2016-11-20 06:20:01,328500,0
2016-11-20 06:25:01,328800,0
2016-11-20 06:30:01,329100,0
2016-11-20 06:35:01,329400,0
2016-11-20 06:40:01,329700,0
2016-11-20 06:45:01,330000,0
2016-11-20 06:50:01,330300,0
2016-11-20 06:55:01,330600,0
2016-11-20 07:00:01,330900,0
2016-11-20 07:05:01,331200,0
2016-11-20 07:10:01,331500,0
2016-11-20 07:15:01,331800,0
2016-11-20 07:20:01,332100,0
2016-11-20 07:25:01,332400,0
2016-11-20 07:30:01,332700,0
2016-11-20 07:35:01,333000,0
2016-11-20 07:40:01,333300,0
2016-11-20 07:45:01,333600,0
2016-11-20 07:50:01,333900,0
2016-11-20 07:55:01,334200,0
2016-11-20 08:00:01,334500,0
2016-11-20 08:05:01,334800,0
2016-11-20 08:10:01,335100,0
2016-11-20 08:15:01,335400,0
2016-11-20 08:20:01,335700,0
2016-11-20 08:25:01,336000,0
2016-11-20 08:30:01,336300,0
2016-11-20 08:35:01,336600,0
2016-11-20 08:40:01,336900,0
2016-11-20 08:45:01,337200,21
2016-11-20 08:50:01,337500,21
2016-11-20 08:55:01,337800,28
2016-11-20 09:00:01,338100,32
2016-11-20 09:05:01,338400,47
2016-11-20 09:10:01,338700,70
2016-11-20 09:15:01,339000,74
2016-11-20 09:20:01,339300,68
2016-11-20 09:25:01,339600,70
2016-11-20 09:30:01,339900,71
2016-11-20 09:35:01,340200,62
2016-11-20 09:40:01,340500,62
2016-11-20 09:45:01,340800,70
2016-11-20 09:50:01,341100,88
2016-11-20 09:55:01,341400,112
2016-11-20 10:00:01,341700,131
2016-11-20 10:05:01,342000,135
2016-11-20 10:10:01,342300,150
2016-11-20 10:15:01,342600,169
2016-11-20 10:20:01,342900,291
2016-11-20 10:25:01,343200,297
2016-11-20 10:30:01,343500,211
2016-11-20 10:35:01,343800,102
2016-11-20 10:40:01,344100,76
2016-11-20 10:45:01,344400,65
2016-11-20 10:50:01,344700,73
2016-11-20 10:55:01,345000,89
2016-11-20 11:00:01,345300,77
2016-11-20 11:05:01,345600,124
2016-11-20 11:10:01,345900,195
2016-11-20 11:15:01,346200,311
2016-11-20 11:20:01,346500,210
2016-11-20 11:25:01,346800,145
2016-11-20 11:30:01,347100,105
2016-11-20 11:35:01,347400,110
2016-11-20 11:40:01,347700,97
2016-11-20 11:45:01,348000,74
2016-11-20 11:50:01,348300,84
2016-11-20 11:55:01,348600,80
2016-11-20 12:00:01,348900,135
2016-11-20 12:05:01,349200,103
2016-11-20 12:10:01,349500,103
2016-11-20 12:15:01,349800,83
2016-11-20 12:20:01,350100,59
2016-11-20 12:25:01,350400,68
2016-11-20 12:30:01,350700,103
2016-11-20 12:35:01,351000,86
2016-11-20 12:40:01,351300,76
2016-11-20 12:45:01,351600,53
2016-11-20 12:50:01,351900,76
2016-11-20 12:55:01,352200,67
2016-11-20 13:00:01,352500,52
2016-11-20 13:05:01,352800,24
2016-11-20 13:10:01,353100,49
2016-11-20 13:15:01,353400,80
2016-11-20 13:20:02,353700,99
2016-11-20 13:25:01,354000,91
2016-11-20 13:30:01,354300,70
2016-11-20 13:35:01,354600,83
2016-11-20 13:40:01,354900,75
2016-11-20 13:45:01,355200,149
2016-11-20 13:50:01,355500,147
2016-11-20 13:55:01,355800,132
2016-11-20 14:00:01,356100,123
2016-11-20 14:05:01,356400,93
2016-11-20 14:10:01,356700,76
2016-11-20 14:15:01,357000,45
2016-11-20 14:20:01,357300,40
2016-11-20 14:25:01,357600,38
2016-11-20 14:30:01,357900,52
2016-11-20 14:35:01,358200,52
2016-11-20 14:40:01,358500,61
2016-11-20 14:45:01,358800,40
2016-11-20 14:50:01,359100,24
2016-11-20 14:55:01,359400,21
2016-11-20 15:00:01,359700,35
2016-11-20 15:05:01,360000,31
2016-11-20 15:10:01,360300,25
2016-11-20 15:15:01,360600,26
2016-11-20 15:20:01,360900,38
2016-11-20 15:25:01,361200,35
2016-11-20 15:30:01,361500,40
2016-11-20 15:35:01,361800,42
2016-11-20 15:40:01,362100,57
2016-11-20 15:45:01,362400,44
2016-11-20 15:50:01,362700,31
2016-11-20 15:55:01,363000,25
2016-11-20 16:00:01,363300,29
2016-11-20 16:05:01,363600,0
2016-11-20 16:10:01,363900,0
2016-11-20 16:15:01,364200,0
2016-11-20 16:20:01,364500,16
2016-11-20 16:25:01,364800,0
2016-11-20 16:30:01,365100,0
2016-11-20 16:35:01,365400,0
2016-11-20 16:40:01,365700,0
2016-11-20 16:45:01,366000,0
2016-11-20 16:50:01,366300,0
2016-11-20 16:55:01,366600,0
2016-11-20 17:00:01,366900,0
2016-11-20 17:05:01,367200,0
2016-11-20 17:10:01,367500,0
2016-11-20 17:15:01,367800,0
2016-11-20 17:20:01,368100,0
2016-11-20 17:25:01,368400,0
2016-11-20 17:30:01,368700,0
2016-11-20 17:35:01,369000,0
2016-11-20 17:40:01,369300,0
2016-11-20 17:45:01,369600,0
2016-11-20 17:50:01,369900,0
2016-11-20 17:55:01,370200,0
2016-11-20 18:00:01,370500,0
2016-11-20 18:05:01,370800,0
2016-11-20 18:10:01,371100,0
2016-11-20 18:15:01,371400,0
2016-11-20 18:20:01,371700,0
2016-11-20 18:25:01,372000,0
2016-11-20 18:30:01,372300,0
2016-11-20 18:35:01,372600,0
2016-11-20 18:40:01,372900,0
2016-11-20 18:45:01,373200,0
2016-11-20 18:50:01,373500,0
2016-11-20 18:55:01,373800,0
2016-11-20 19:00:01,374100,0
2016-11-20 19:05:01,374400,0
2016-11-20 19:10:01,374700,0
2016-11-20 19:15:01,375000,0
2016-11-20 19:20:01,375300,0
2016-11-20 19:25:01,375600,0
2016-11-20 19:30:01,375900,0
2016-11-20 19:35:01,376200,0
2016-11-20 19:40:01,376500,0
2016-11-20 19:45:01,376800,0
2016-11-20 19:50:01,377100,0
2016-11-20 19:55:01,377400,0
2016-11-20 20:00:01,377700,0
2016-11-20 20:05:01,378000,0
2016-11-20 20:10:01,378300,0
2016-11-20 20:15:01,378600,0
2016-11-20 20:20:01,378900,0
2016-11-20 20:25:01,379200,0
2016-11-20 20:30:01,379500,0
2016-11-20 20:35:01,379800,0
2016-11-20 20:40:01,380100,0
2016-11-20 20:45:01,380400,0
2016-11-20 20:50:01,380700,0
2016-11-20 20:55:01,381000,0
2016-11-20 21:00:01,381300,0
2016-11-20 21:05:01,381600,0
2016-11-20 21:10:01,381900,0
2016-11-20 21:15:01,382200,0
2016-11-20 21:20:01,382500,0
2016-11-20 21:25:01,382800,0
2016-11-20 21:30:01,383100,0
2016-11-20 21:35:01,383400,0
2016-11-20 21:40:01,383700,0
2016-11-20 21:45:01,384000,0
2016-11-20 21:50:01,384300,0
2016-11-20 21:55:01,384600,0
2016-11-20 22:00:01,384900,0
2016-11-20 22:05:01,385200,0
2016-11-20 22:10:01,385500,0
2016-11-20 22:15:01,385800,0
2016-11-20 22:20:01,386100,0
2016-11-20 22:25:01,386400,0
2016-11-20 22:30:01,386700,0
2016-11-20 22:35:01,387000,0
2016-11-20 22:40:01,387300,0
2016-11-20 22:45:01,387600,0
2016-11-20 22:50:01,387900,0
2016-11-20 22:55:01,388200,0
2016-11-20 23:00:01,388500,0
2016-11-20 23:05:01,388800,0
2016-11-20 23:10:01,389100,0
2016-11-20 23:15:01,389400,0
2016-11-20 23:20:01,389700,0
2016-11-20 23:25:01,390000,0
2016-11-20 23:30:01,390300,0
2016-11-20 23:35:01,390600,0
2016-11-20 23:40:01,390900,0
2016-11-20 23:45:01,391200,0
2016-11-20 23:50:01,391500,0
2016-11-20 23:55:01,391800,0
2016-11-21 00:00:01,392100,0
2016-11-21 00:05:01,392400,0
2016-11-21 00:10:01,392700,0
2016-11-21 00:15:01,393000,0
2016-11-21 00:20:01,393300,0
2016-11-21 00:25:01,393600,0
2016-11-21 00:30:01,393900,0
2016-11-21 00:35:01,394200,0
2016-11-21 00:40:01,394500,0
2016-11-21 00:45:01,394800,0
2016-11-21 00:50:01,395100,0
2016-11-21 00:55:01,395400,0
2016-11-21 01:00:01,395700,0
2016-11-21 01:05:01,396000,0
2016-11-21 01:10:01,396300,0
2016-11-21 01:15:01,396600,0
2016-11-21 01:20:01,396900,0
2016-11-21 01:25:01,397200,0
2016-11-21 01:30:01,397500,0
2016-11-21 01:35:01,397800,0
2016-11-21 01:40:01,398100,0
2016-11-21 01:45:01,398400,0
2016-11-21 01:50:01,398700,0
2016-11-21 01:55:01,399000,0
2016-11-21 02:00:01,399300,0
2016-11-21 02:05:01,399600,0
2016-11-21 02:10:01,399900,0
2016-11-21 02:15:01,400200,0
2016-11-21 02:20:01,400500,0
2016-11-21 02:25:01,400800,0
2016-11-21 02:30:01,401100,0
2016-11-21 02:35:01,401400,0
2016-11-21 02:40:01,401700,0
2016-11-21 02:45:01,402000,0
2016-11-21 02:50:01,402300,0
2016-11-21 02:55:01,402600,0
2016-11-21 03:00:01,402900,0
2016-11-21 03:05:01,403200,0
2016-11-21 03:10:01,403500,0
2016-11-21 03:15:01,403800,0
2016-11-21 03:20:01,404100,0
2016-11-21 03:25:01,404400,0
2016-11-21 03:30:01,404700,0
2016-11-21 03:35:01,405000,0
2016-11-21 03:40:01,405300,0
2016-11-21 03:45:01,405600,0
2016-11-21 03:50:01,405900,0
2016-11-21 03:55:01,406200,0
2016-11-21 04:00:01,406500,0
2016-11-21 04:05:01,406800,0
2016-11-21 04:10:01,407100,0
2016-11-21 04:15:01,407400,0
2016-11-21 04:20:01,407700,0
2016-11-21 04:25:01,408000,0
2016-11-21 04:30:01,408300,0
2016-11-21 04:35:01,408600,0
2016-11-21 04:40:01,408900,0
2016-11-21 04:45:01,409200,0
2016-11-21 04:50:01,409500,0
2016-11-21 04:55:01,409800,0
2016-11-21 05:00:01,410100,0
2016-11-21 05:05:01,410400,0
2016-11-21 05:10:01,410700,0
2016-11-21 05:15:01,411000,0
2016-11-21 05:20:01,411300,0
2016-11-21 05:25:01,411600,0
2016-11-21 05:30:01,411900,0
2016-11-21 05:35:01,412200,0
2016-11-21 05:40:01,412500,0
2016-11-21 05:45:01,412800,0
2016-11-21 05:50:01,413100,0
2016-11-21 05:55:01,413400,0
2016-11-21 06:00:01,413700,0
2016-11-21 06:05:01,414000,0
2016-11-21 06:10:01,414300,0
2016-11-21 06:15:01,414600,0
2016-11-21 06:20:01,414900,0
2016-11-21 06:25:01,415200,0
2016-11-21 06:30:01,415500,0
2016-11-21 06:35:01,415800,0
2016-11-21 06:40:01,416100,0
2016-11-21 06:45:01,416400,0
2016-11-21 06:50:01,416700,0
2016-11-21 06:55:01,417000,0
2016-11-21 07:00:01,417300,0
2016-11-21 07:05:01,417600,0
2016-11-21 07:10:01,417900,0
2016-11-21 07:15:01,418200,0
2016-11-21 07:20:01,418500,0
2016-11-21 07:25:01,418800,0
2016-11-21 07:30:01,419100,0
2016-11-21 07:35:01,419400,0
2016-11-21 07:40:01,419700,0
2016-11-21 07:45:01,420000,0
2016-11-21 07:50:01,420300,0
2016-11-21 07:55:01,420600,0
2016-11-21 08:00:01,420900,0
2016-11-21 08:05:01,421200,0
2016-11-21 08:10:01,421500,0
2016-11-21 08:15:01,421800,0
2016-11-21 08:20:01,422100,0
2016-11-21 08:25:01,422400,0
2016-11-21 08:30:01,422700,0
2016-11-21 08:35:01,423000,0
2016-11-21 08:40:01,423300,0
2016-11-21 08:45:01,423600,0
2016-11-21 08:50:01,423900,0
2016-11-21 08:55:01,424200,0
2016-11-21 09:00:01,424500,0
2016-11-21 09:05:01,424800,0
2016-11-21 09:10:01,425100,0
2016-11-21 09:15:01,425400,0
2016-11-21 09:20:01,425700,0
2016-11-21 09:25:01,426000,0
2016-11-21 09:30:01,426300,0
2016-11-21 09:35:01,426600,27
2016-11-21 09:40:01,426900,87
2016-11-21 09:45:01,427200,49
2016-11-21 09:50:01,427500,41
2016-11-21 09:55:01,427800,35
2016-11-21 10:00:01,428100,86
2016-11-21 10:05:01,428400,68
2016-11-21 10:10:01,428700,55
2016-11-21 10:15:01,429000,229
2016-11-21 10:20:01,429300,258
2016-11-21 10:25:01,429600,195
2016-11-21 10:30:01,429900,378
2016-11-21 10:35:01,430200,383
2016-11-21 10:40:01,430500,143
2016-11-21 10:45:01,430800,120
2016-11-21 10:50:01,431100,99
2016-11-21 10:55:01,431400,56
2016-11-21 11:00:01,431700,53
2016-11-21 11:05:01,432000,72
2016-11-21 11:10:01,432300,78
2016-11-21 11:15:01,432600,66
2016-11-21 11:20:01,432900,29
2016-11-21 11:25:01,433200,36
2016-11-21 11:30:01,433500,35
2016-11-21 11:35:01,433800,25
2016-11-21 11:40:01,434100,43
2016-11-21 11:45:01,434400,77
2016-11-21 11:50:01,434700,55
2016-11-21 11:55:01,435000,711
2016-11-21 12:00:01,435300,210
2016-11-21 12:05:01,435600,271
2016-11-21 12:10:01,435900,678
2016-11-21 12:15:01,436200,209
2016-11-21 12:20:01,436500,595
2016-11-21 12:25:01,436800,581
2016-11-21 12:30:01,437100,659
2016-11-21 12:35:01,437400,287
2016-11-21 12:40:01,437700,84
2016-11-21 12:45:01,438000,198
2016-11-21 12:50:01,438300,374
2016-11-21 12:55:01,438600,244
2016-11-21 13:00:01,438900,631
2016-11-21 13:05:01,439200,657
2016-11-21 13:10:01,439500,272
2016-11-21 13:15:01,439800,117
2016-11-21 13:20:01,440100,232
2016-11-21 13:25:01,440400,181
2016-11-21 13:30:01,440700,648
2016-11-21 13:35:01,441000,57
2016-11-21 13:40:01,441300,94
2016-11-21 13:45:01,441600,43
2016-11-21 13:50:01,441900,86
2016-11-21 13:55:01,442200,77
2016-11-21 14:00:01,442500,39
2016-11-21 14:05:01,442800,30
2016-11-21 14:10:01,443100,49
2016-11-21 14:15:01,443400,65
2016-11-21 14:20:01,443700,100
2016-11-21 14:25:01,444000,103
2016-11-21 14:30:01,444300,139
2016-11-21 14:35:01,444600,224
2016-11-21 14:40:02,444900,171
2016-11-21 14:45:01,445200,289
2016-11-21 14:50:01,445500,187
2016-11-21 14:55:01,445800,134
2016-11-21 15:00:01,446100,95
2016-11-21 15:05:01,446400,97
2016-11-21 15:10:01,446700,65
2016-11-21 15:15:01,447000,32
2016-11-21 15:20:01,447300,26
2016-11-21 15:25:01,447600,49
2016-11-21 15:30:01,447900,66
2016-11-21 15:35:01,448200,274
2016-11-21 15:40:01,448500,77
2016-11-21 15:45:01,448800,55
2016-11-21 15:50:01,449100,142
2016-11-21 15:55:01,449400,185
2016-11-21 16:00:01,449700,83
2016-11-21 16:05:01,450000,45
2016-11-21 16:10:01,450300,58
2016-11-21 16:15:01,450600,70
2016-11-21 16:20:01,450900,56
2016-11-21 16:25:01,451200,43
2016-11-21 16:30:01,451500,35
2016-11-21 16:35:01,451800,44
2016-11-21 16:40:01,452100,19
2016-11-21 16:45:01,452400,30
2016-11-21 16:50:01,452700,0
2016-11-21 16:55:01,453000,0
2016-11-21 17:00:01,453300,0
2016-11-21 17:05:01,453600,0
2016-11-21 17:10:01,453900,0
2016-11-21 17:15:01,454200,0
2016-11-21 17:20:01,454500,0
2016-11-21 17:25:01,454800,0
2016-11-21 17:30:01,455100,0
2016-11-21 17:35:01,455400,0
2016-11-21 17:40:01,455700,0
2016-11-21 17:45:01,456000,0
2016-11-21 17:50:01,456300,0
2016-11-21 17:55:01,456600,0
2016-11-21 18:00:01,456900,0
2016-11-21 18:05:01,457200,0
2016-11-21 18:10:01,457500,0
2016-11-21 18:15:01,457800,0
2016-11-21 18:20:01,458100,0
2016-11-21 18:25:01,458400,0
2016-11-21 18:30:01,458700,0
2016-11-21 18:35:01,459000,0
2016-11-21 18:40:01,459300,0
2016-11-21 18:45:01,459600,0
2016-11-21 18:50:01,459900,0
2016-11-21 18:55:01,460200,0
2016-11-21 19:00:01,460500,0
2016-11-21 19:05:01,460800,0
2016-11-21 19:10:01,461100,0
2016-11-21 19:15:01,461400,0
2016-11-21 19:20:01,461700,0
2016-11-21 19:25:01,462000,0
2016-11-21 19:30:01,462300,0
2016-11-21 19:35:01,462600,0
2016-11-21 19:40:01,462900,0
2016-11-21 19:45:01,463200,0
2016-11-21 19:50:01,463500,0
2016-11-21 19:55:01,463800,0
2016-11-21 20:00:01,464100,0
2016-11-21 20:05:01,464400,0
2016-11-21 20:10:01,464700,0
2016-11-21 20:15:01,465000,0
2016-11-21 20:20:01,465300,0
2016-11-21 20:25:01,465600,0
2016-11-21 20:30:01,465900,0
2016-11-21 20:35:01,466200,0
2016-11-21 20:40:01,466500,0
2016-11-21 20:45:01,466800,0
2016-11-21 20:50:01,467100,0
2016-11-21 20:55:01,467400,0
2016-11-21 21:00:01,467700,0
2016-11-21 21:05:01,468000,0
2016-11-21 21:10:01,468300,0
2016-11-21 21:15:01,468600,0
2016-11-21 21:20:01,468900,0
2016-11-21 21:25:01,469200,0
2016-11-21 21:30:01,469500,0
2016-11-21 21:35:01,469800,0
2016-11-21 21:40:01,470100,0
2016-11-21 21:45:01,470400,0
2016-11-21 21:50:01,470700,0
2016-11-21 21:55:01,471000,0
2016-11-21 22:00:01,471300,0
2016-11-21 22:05:01,471600,0
2016-11-21 22:10:01,471900,0
2016-11-21 22:15:01,472200,0
2016-11-21 22:20:01,472500,0
2016-11-21 22:25:01,472800,0
2016-11-21 22:30:01,473100,0
2016-11-21 22:35:01,473400,0
2016-11-21 22:40:01,473700,0
2016-11-21 22:45:01,474000,0
2016-11-21 22:50:01,474300,0
2016-11-21 22:55:01,474600,0
2016-11-21 23:00:01,474900,0
2016-11-21 23:05:01,475200,0
2016-11-21 23:10:01,475500,0
2016-11-21 23:15:01,475800,0
2016-11-21 23:20:01,476100,0
2016-11-21 23:25:01,476400,0
2016-11-21 23:30:01,476700,0
2016-11-21 23:35:01,477000,0
2016-11-21 23:40:01,477300,0
2016-11-21 23:45:01,477600,0
2016-11-21 23:50:01,477900,0
2016-11-21 23:55:01,478200,0
2016-11-22 00:00:01,478500,0
2016-11-22 00:05:01,478800,0
2016-11-22 00:10:01,479100,0
2016-11-22 00:15:01,479400,0
2016-11-22 00:20:01,479700,0
2016-11-22 00:25:01,480000,0
2016-11-22 00:30:01,480300,0
2016-11-22 00:35:01,480600,0
2016-11-22 00:40:01,480900,0
2016-11-22 00:45:01,481200,0
2016-11-22 00:50:01,481500,0
2016-11-22 00:55:01,481800,0
2016-11-22 01:00:01,482100,0
2016-11-22 01:05:01,482400,0
2016-11-22 01:10:01,482700,0
2016-11-22 01:15:01,483000,0
2016-11-22 01:20:01,483300,0
2016-11-22 01:25:01,483600,0
2016-11-22 01:30:01,483900,0
2016-11-22 01:35:01,484200,0
2016-11-22 01:40:01,484500,0
2016-11-22 01:45:01,484800,0
2016-11-22 01:50:01,485100,0
2016-11-22 01:55:01,485400,0
2016-11-22 02:00:01,485700,0
2016-11-22 02:05:01,486000,0
2016-11-22 02:10:01,486300,0
2016-11-22 02:15:01,486600,0
2016-11-22 02:20:01,486900,0
2016-11-22 02:25:01,487200,0
2016-11-22 02:30:01,487500,0
2016-11-22 02:35:01,487800,0
2016-11-22 02:40:01,488100,0
2016-11-22 02:45:01,488400,0
2016-11-22 02:50:01,488700,0
2016-11-22 02:55:01,489000,0
2016-11-22 03:00:01,489300,0
2016-11-22 03:05:01,489600,0
2016-11-22 03:10:01,489900,0
2016-11-22 03:15:01,490200,0
2016-11-22 03:20:01,490500,0
2016-11-22 03:25:01,490800,0
2016-11-22 03:30:01,491100,0
2016-11-22 03:35:01,491400,0
2016-11-22 03:40:01,491700,0
2016-11-22 03:45:01,492000,0
2016-11-22 03:50:01,492300,0
2016-11-22 03:55:01,492600,0
2016-11-22 04:00:01,492900,0
2016-11-22 04:05:01,493200,0
2016-11-22 04:10:01,493500,0
2016-11-22 04:15:01,493800,0
2016-11-22 04:20:01,494100,0
2016-11-22 04:25:01,494400,0
2016-11-22 04:30:01,494700,0
2016-11-22 04:35:01,495000,0
2016-11-22 04:40:01,495300,0
2016-11-22 04:45:01,495600,0
2016-11-22 04:50:01,495900,0
2016-11-22 04:55:01,496200,0
2016-11-22 05:00:01,496500,0
2016-11-22 05:05:01,496800,0
2016-11-22 05:10:01,497100,0
2016-11-22 05:15:01,497400,0
2016-11-22 05:20:01,497700,0
2016-11-22 05:25:01,498000,0
2016-11-22 05:30:01,498300,0
2016-11-22 05:35:01,498600,0
2016-11-22 05:40:01,498900,0
2016-11-22 05:45:01,499200,0
2016-11-22 05:50:01,499500,0
2016-11-22 05:55:01,499800,0
2016-11-22 06:00:01,500100,0
2016-11-22 06:05:01,500400,0
2016-11-22 06:10:01,500700,0
2016-11-22 06:15:01,501000,0
2016-11-22 06:20:01,501300,0
2016-11-22 06:25:01,501600,0
2016-11-22 06:30:01,501900,0
2016-11-22 06:35:01,502200,0
2016-11-22 06:40:01,502500,0
2016-11-22 06:45:01,502800,0
2016-11-22 06:50:01,503100,0
2016-11-22 06:55:01,503400,0
2016-11-22 07:00:01,503700,0
2016-11-22 07:05:01,504000,0
2016-11-22 07:10:01,504300,0
2016-11-22 07:15:01,504600,0
2016-11-22 07:20:01,504900,0
2016-11-22 07:25:01,505200,0
2016-11-22 07:30:01,505500,0
2016-11-22 07:35:01,505800,0
2016-11-22 07:40:01,506100,0
2016-11-22 07:45:01,506400,0
2016-11-22 07:50:01,506700,0
2016-11-22 07:55:01,507000,0
2016-11-22 08:00:01,507300,0
2016-11-22 08:05:01,507600,0
2016-11-22 08:10:01,507900,0
2016-11-22 08:15:01,508200,0
2016-11-22 08:20:01,508500,0
2016-11-22 08:25:01,508800,0
2016-11-22 08:30:01,509100,0
2016-11-22 08:35:01,509400,0
2016-11-22 08:40:01,509700,0
2016-11-22 08:45:01,510000,0
2016-11-22 08:50:01,510300,0
2016-11-22 08:55:01,510600,16
2016-11-22 09:00:01,510900,0
2016-11-22 09:05:01,511200,0
2016-11-22 09:10:01,511500,22
2016-11-22 09:15:01,511800,22
2016-11-22 09:20:01,512100,25
2016-11-22 09:25:01,512400,33
2016-11-22 09:30:01,512700,42
2016-11-22 09:35:01,513000,42
2016-11-22 09:40:01,513300,42
2016-11-22 09:45:01,513600,49
2016-11-22 09:50:01,513900,52
2016-11-22 09:55:01,514200,53
2016-11-22 10:00:01,514500,57
2016-11-22 10:05:01,514800,65
2016-11-22 10:10:01,515100,125
2016-11-22 10:15:01,515400,119
2016-11-22 10:20:01,515700,110
2016-11-22 10:25:01,516000,176
2016-11-22 10:30:01,516300,369
2016-11-22 10:35:01,516600,419
2016-11-22 10:40:01,516900,428
2016-11-22 10:45:01,517200,443
2016-11-22 10:50:01,517500,459
2016-11-22 10:55:01,517800,469
2016-11-22 11:00:01,518100,487
2016-11-22 11:05:01,518400,492
2016-11-22 11:10:01,518700,521
2016-11-22 11:15:01,519000,526
2016-11-22 11:20:01,519300,537
2016-11-22 11:25:01,519600,546
2016-11-22 11:30:01,519900,554
2016-11-22 11:35:01,520200,568
2016-11-22 11:40:01,520500,577
2016-11-22 11:45:01,520800,580
2016-11-22 11:50:01,521100,589
2016-11-22 11:55:01,521400,600
2016-11-22 12:00:01,521700,606
2016-11-22 12:05:01,522000,644
2016-11-22 12:10:01,522300,720
2016-11-22 12:15:01,522600,619
2016-11-22 12:20:01,522900,257
2016-11-22 12:25:01,523200,578
2016-11-22 12:30:01,523500,285
2016-11-22 12:35:01,523800,187
2016-11-22 12:40:01,524100,163
2016-11-22 12:45:01,524400,253
2016-11-22 12:50:01,524700,276
2016-11-22 12:55:01,525000,541
2016-11-22 13:00:01,525300,671
2016-11-22 13:05:01,525600,301
2016-11-22 13:10:01,525900,252
2016-11-22 13:15:01,526200,456
2016-11-22 13:20:01,526500,715
2016-11-22 13:25:01,526800,742
2016-11-22 13:30:01,527100,113
2016-11-22 13:35:01,527400,662
2016-11-22 13:40:01,527700,612
2016-11-22 13:45:01,528000,617
2016-11-22 13:50:01,528300,615
2016-11-22 13:55:01,528600,311
2016-11-22 14:00:01,528900,223
2016-11-22 14:05:01,529200,211
2016-11-22 14:10:01,529500,222
2016-11-22 14:15:01,529800,114
2016-11-22 14:20:01,530100,517
2016-11-22 14:25:01,530400,350
2016-11-22 14:30:01,530700,375
2016-11-22 14:35:01,531000,499
2016-11-22 14:40:01,531300,506
2016-11-22 14:45:01,531600,185
2016-11-22 14:50:01,531900,442
2016-11-22 14:55:01,532200,70
2016-11-22 15:00:01,532500,58
2016-11-22 15:05:01,532800,72
2016-11-22 15:10:01,533100,102
2016-11-22 15:15:01,533400,357
2016-11-22 15:20:01,533700,363
2016-11-22 15:25:01,534000,360
2016-11-22 15:30:01,534300,207
2016-11-22 15:35:01,534600,234
2016-11-22 15:40:01,534900,165
2016-11-22 15:45:01,535200,97
2016-11-22 15:50:01,535500,62
2016-11-22 15:55:01,535800,60
2016-11-22 16:00:01,536100,64
2016-11-22 16:05:01,536400,61
2016-11-22 16:10:01,536700,61
2016-11-22 16:15:01,537000,55
2016-11-22 16:20:01,537300,44
2016-11-22 16:25:01,537600,39
2016-11-22 16:30:01,537900,35
2016-11-22 16:35:01,538200,26
2016-11-22 16:40:01,538500,21
2016-11-22 16:45:01,538800,16
2016-11-22 16:50:01,539100,13
2016-11-22 16:55:01,539400,0
2016-11-22 17:00:01,539700,0
2016-11-22 17:05:01,540000,0
2016-11-22 17:10:01,540300,0
2016-11-22 17:15:01,540600,0
2016-11-22 17:20:01,540900,0
2016-11-22 17:25:01,541200,0
2016-11-22 17:30:01,541500,0
2016-11-22 17:35:01,541800,0
2016-11-22 17:40:01,542100,0
2016-11-22 17:45:01,542400,0
2016-11-22 17:50:01,542700,0
2016-11-22 17:55:01,543000,0
2016-11-22 18:00:01,543300,0
2016-11-22 18:05:01,543600,0
2016-11-22 18:10:01,543900,0
2016-11-22 18:15:01,544200,0
2016-11-22 18:20:01,544500,0
2016-11-22 18:25:01,544800,0
2016-11-22 18:30:01,545100,0
2016-11-22 18:35:01,545400,0
2016-11-22 18:40:01,545700,0
2016-11-22 18:45:01,546000,0
2016-11-22 18:50:01,546300,0
2016-11-22 18:55:01,546600,0
2016-11-22 19:00:01,546900,0
2016-11-22 19:05:01,547200,0
2016-11-22 19:10:01,547500,0
2016-11-22 19:15:01,547800,0
2016-11-22 19:20:01,548100,0
2016-11-22 19:25:01,548400,0
2016-11-22 19:30:01,548700,0
2016-11-22 19:35:01,549000,0
2016-11-22 19:40:01,549300,0
2016-11-22 19:45:01,549600,0
2016-11-22 19:50:01,549900,0
2016-11-22 19:55:01,550200,0
2016-11-22 20:00:01,550500,0
2016-11-22 20:05:01,550800,0
2016-11-22 20:10:01,551100,0
2016-11-22 20:15:01,551400,0
2016-11-22 20:20:01,551700,0
2016-11-22 20:25:01,552000,0
2016-11-22 20:30:01,552300,0
2016-11-22 20:35:01,552600,0
2016-11-22 20:40:01,552900,0
2016-11-22 20:45:01,553200,0
2016-11-22 20:50:01,553500,0
2016-11-22 20:55:01,553800,0
2016-11-22 21:00:01,554100,0
2016-11-22 21:05:01,554400,0
2016-11-22 21:10:01,554700,0
2016-11-22 21:15:01,555000,0
2016-11-22 21:20:01,555300,0
2016-11-22 21:25:01,555600,0
2016-11-22 21:30:01,555900,0
2016-11-22 21:35:01,556200,0
2016-11-22 21:40:01,556500,0
2016-11-22 21:45:01,556800,0
2016-11-22 21:50:01,557100,0
2016-11-22 21:55:01,557400,0
2016-11-22 22:00:01,557700,0
2016-11-22 22:05:01,558000,0
2016-11-22 22:10:01,558300,0
2016-11-22 22:15:01,558600,0
2016-11-22 22:20:01,558900,0
2016-11-22 22:25:01,559200,0
2016-11-22 22:30:01,559500,0
2016-11-22 22:35:01,559800,0
2016-11-22 22:40:01,560100,0
2016-11-22 22:45:01,560400,0
2016-11-22 22:50:01,560700,0
2016-11-22 22:55:01,561000,0
2016-11-22 23:00:01,561300,0
2016-11-22 23:05:01,561600,0
2016-11-22 23:10:01,561900,0
2016-11-22 23:15:01,562200,0
2016-11-22 23:20:01,562500,0
2016-11-22 23:25:01,562800,0
2016-11-22 23:30:01,563100,0
2016-11-22 23:35:01,563400,0
2016-11-22 23:40:01,563700,0
2016-11-22 23:45:01,564000,0
2016-11-22 23:50:01,564300,0
2016-11-22 23:55:01,564600,0
2016-11-23 00:00:01,564900,0
2016-11-23 00:05:01,565200,0
2016-11-23 00:10:01,565500,0
2016-11-23 00:15:01,565800,0
2016-11-23 00:20:01,566100,0
2016-11-23 00:25:01,566400,0
2016-11-23 00:30:01,566700,0
2016-11-23 00:35:01,567000,0
2016-11-23 00:40:01,567300,0
2016-11-23 00:45:01,567600,0
2016-11-23 00:50:01,567900,0
2016-11-23 00:55:01,568200,0
2016-11-23 01:00:01,568500,0
2016-11-23 01:05:01,568800,0
2016-11-23 01:10:01,569100,0
2016-11-23 01:15:01,569400,0
2016-11-23 01:20:01,569700,0
2016-11-23 01:25:01,570000,0
2016-11-23 01:30:01,570300,0
2016-11-23 01:35:01,570600,0
2016-11-23 01:40:01,570900,0
2016-11-23 01:45:01,571200,0
2016-11-23 01:50:01,571500,0
2016-11-23 01:55:01,571800,0
2016-11-23 02:00:01,572100,0
2016-11-23 02:05:01,572400,0
2016-11-23 02:10:01,572700,0
2016-11-23 02:15:01,573000,0
2016-11-23 02:20:01,573300,0
2016-11-23 02:25:01,573600,0
2016-11-23 02:30:01,573900,0
2016-11-23 02:35:01,574200,0
2016-11-23 02:40:01,574500,0
2016-11-23 02:45:01,574800,0
2016-11-23 02:50:01,575100,0
2016-11-23 02:55:01,575400,0
2016-11-23 03:00:01,575700,0
2016-11-23 03:05:01,576000,0
2016-11-23 03:10:01,576300,0
2016-11-23 03:15:01,576600,0
2016-11-23 03:20:01,576900,0
2016-11-23 03:25:01,577200,0
2016-11-23 03:30:01,577500,0
2016-11-23 03:35:01,577800,0
2016-11-23 03:40:01,578100,0
2016-11-23 03:45:01,578400,0
2016-11-23 03:50:01,578700,0
2016-11-23 03:55:01,579000,0
2016-11-23 04:00:01,579300,0
2016-11-23 04:05:01,579600,0
2016-11-23 04:10:01,579900,0
2016-11-23 04:15:01,580200,0
2016-11-23 04:20:01,580500,0
2016-11-23 04:25:01,580800,0
2016-11-23 04:30:01,581100,0
2016-11-23 04:35:01,581400,0
2016-11-23 04:40:01,581700,0
2016-11-23 04:45:01,582000,0
2016-11-23 04:50:01,582300,0
2016-11-23 04:55:01,582600,0
2016-11-23 05:00:01,582900,0
2016-11-23 05:05:01,583200,0
2016-11-23 05:10:01,583500,0
2016-11-23 05:15:01,583800,0
2016-11-23 05:20:01,584100,0
2016-11-23 05:25:01,584400,0
2016-11-23 05:30:01,584700,0
2016-11-23 05:35:01,585000,0
2016-11-23 05:40:01,585300,0
2016-11-23 05:45:01,585600,0
2016-11-23 05:50:01,585900,0
2016-11-23 05:55:01,586200,0
2016-11-23 06:00:01,586500,0
2016-11-23 06:05:01,586800,0
2016-11-23 06:10:01,587100,0
2016-11-23 06:15:01,587400,0
2016-11-23 06:20:01,587700,0
2016-11-23 06:25:01,588000,0
2016-11-23 06:30:01,588300,0
2016-11-23 06:35:01,588600,0
2016-11-23 06:40:01,588900,0
2016-11-23 06:45:01,589200,0
2016-11-23 06:50:01,589500,0
2016-11-23 06:55:01,589800,0
2016-11-23 07:00:01,590100,0
2016-11-23 07:05:01,590400,0
2016-11-23 07:10:01,590700,0
2016-11-23 07:15:01,591000,0
2016-11-23 07:20:01,591300,0
2016-11-23 07:25:01,591600,0
2016-11-23 07:30:01,591900,0
2016-11-23 07:35:01,592200,0
2016-11-23 07:40:01,592500,0
2016-11-23 07:45:01,592800,0
2016-11-23 07:50:01,593100,0
2016-11-23 07:55:01,593400,0
2016-11-23 08:00:01,593700,0
2016-11-23 08:05:01,594000,0
2016-11-23 08:10:01,594300,0
2016-11-23 08:15:01,594600,0
2016-11-23 08:20:01,594900,0
2016-11-23 08:25:01,595200,0
2016-11-23 08:30:01,595500,0
2016-11-23 08:35:01,595800,0
2016-11-23 08:40:01,596100,0
2016-11-23 08:45:01,596400,0
2016-11-23 08:50:01,596700,0
2016-11-23 08:55:01,597000,0
2016-11-23 09:00:01,597300,0
2016-11-23 09:05:01,597600,15
2016-11-23 09:10:02,597900,21
2016-11-23 09:15:01,598200,24
2016-11-23 09:20:01,598500,23
2016-11-23 09:25:01,598800,24
2016-11-23 09:30:01,599100,31
2016-11-23 09:35:01,599400,51
2016-11-23 09:40:01,599700,72
2016-11-23 09:45:01,600000,64
2016-11-23 09:50:01,600300,59
2016-11-23 09:55:01,600600,52
2016-11-23 10:00:01,600900,43
2016-11-23 10:05:02,601200,34
2016-11-23 10:10:01,601500,35
2016-11-23 10:15:01,601800,28
2016-11-23 10:20:01,602100,21
2016-11-23 10:25:01,602400,40
2016-11-23 10:30:01,602700,29
2016-11-23 10:35:01,603000,33
2016-11-23 10:40:01,603300,77
2016-11-23 10:45:01,603600,107
2016-11-23 10:50:01,603900,109
2016-11-23 10:55:01,604200,100
2016-11-23 11:00:01,604500,96
2016-11-23 11:05:01,604800,72
2016-11-23 11:10:01,605100,68
2016-11-23 11:15:01,605400,54
2016-11-23 11:20:01,605700,45
2016-11-23 11:25:01,606000,55
2016-11-23 11:30:01,606300,66
2016-11-23 11:35:01,606600,54
2016-11-23 11:40:01,606900,47
2016-11-23 11:45:01,607200,37
2016-11-23 11:50:01,607500,39
2016-11-23 11:55:01,607800,56
2016-11-23 12:00:01,608100,95
2016-11-23 12:05:01,608400,99
2016-11-23 12:10:01,608700,103
2016-11-23 12:15:01,609000,71
2016-11-23 12:20:01,609300,46
2016-11-23 12:25:01,609600,42
2016-11-23 12:30:01,609900,27
2016-11-23 12:35:01,610200,23
2016-11-23 12:40:01,610500,28
2016-11-23 12:45:01,610800,40
2016-11-23 12:50:01,611100,68
2016-11-23 12:55:01,611400,44
2016-11-23 13:00:01,611700,39
2016-11-23 13:05:01,612000,22
2016-11-23 13:10:01,612300,22
2016-11-23 13:15:01,612600,44
2016-11-23 13:20:01,612900,61
2016-11-23 13:25:01,613200,56
2016-11-23 13:30:01,613500,59
2016-11-23 13:35:01,613800,28
2016-11-23 13:40:01,614100,18
2016-11-23 13:45:01,614400,33
2016-11-23 13:50:01,614700,29
2016-11-23 13:55:01,615000,29
2016-11-23 14:00:01,615300,20
2016-11-23 14:05:01,615600,0
2016-11-23 14:10:01,615900,0
2016-11-23 14:15:01,616200,0
2016-11-23 14:20:01,616500,0
2016-11-23 14:25:01,616800,0
2016-11-23 14:30:01,617100,22
2016-11-23 14:35:01,617400,0
2016-11-23 14:40:01,617700,0
2016-11-23 14:45:01,618000,0
2016-11-23 14:50:01,618300,0
2016-11-23 14:55:01,618600,0
2016-11-23 15:00:01,618900,0
2016-11-23 15:05:01,619200,0
2016-11-23 15:10:01,619500,0
2016-11-23 15:15:01,619800,0
2016-11-23 15:20:01,620100,0
2016-11-23 15:25:01,620400,0
2016-11-23 15:30:01,620700,0
2016-11-23 15:35:01,621000,0
2016-11-23 15:40:01,621300,0
2016-11-23 15:45:01,621600,0
2016-11-23 15:50:01,621900,0
2016-11-23 15:55:01,622200,0
2016-11-23 16:00:01,622500,0
2016-11-23 16:05:01,622800,0
2016-11-23 16:10:01,623100,0
2016-11-23 16:15:01,623400,0
2016-11-23 16:20:01,623700,0
2016-11-23 16:25:01,624000,0
2016-11-23 16:30:01,624300,0
2016-11-23 16:35:01,624600,0
2016-11-23 16:40:01,624900,0
2016-11-23 16:45:01,625200,0
2016-11-23 16:50:01,625500,0
2016-11-23 16:55:01,625800,0
2016-11-23 17:00:01,626100,0
2016-11-23 17:05:01,626400,0
2016-11-23 17:10:01,626700,0
2016-11-23 17:15:01,627000,0
2016-11-23 17:20:01,627300,0
2016-11-23 17:25:01,627600,0
2016-11-23 17:30:01,627900,0
2016-11-23 17:35:01,628200,0
2016-11-23 17:40:01,628500,0
2016-11-23 17:45:01,628800,0
2016-11-23 17:50:01,629100,0
2016-11-23 17:55:01,629400,0
2016-11-23 18:00:01,629700,0
2016-11-23 18:05:01,630000,0
2016-11-23 18:10:01,630300,0
2016-11-23 18:15:01,630600,0
2016-11-23 18:20:01,630900,0
2016-11-23 18:25:01,631200,0
2016-11-23 18:30:01,631500,0
2016-11-23 18:35:01,631800,0
2016-11-23 18:40:01,632100,0
2016-11-23 18:45:01,632400,0
2016-11-23 18:50:01,632700,0
2016-11-23 18:55:01,633000,0
2016-11-23 19:00:01,633300,0
2016-11-23 19:05:01,633600,0
2016-11-23 19:10:01,633900,0
2016-11-23 19:15:01,634200,0
2016-11-23 19:20:01,634500,0
2016-11-23 19:25:01,634800,0
2016-11-23 19:30:01,635100,0
2016-11-23 19:35:01,635400,0
2016-11-23 19:40:01,635700,0
2016-11-23 19:45:01,636000,0
2016-11-23 19:50:01,636300,0
2016-11-23 19:55:01,636600,0
2016-11-23 20:00:01,636900,0
2016-11-23 20:05:01,637200,0
2016-11-23 20:10:01,637500,0
2016-11-23 20:15:01,637800,0
2016-11-23 20:20:01,638100,0
2016-11-23 20:25:01,638400,0
2016-11-23 20:30:01,638700,0
2016-11-23 20:35:01,639000,0
2016-11-23 20:40:01,639300,0
2016-11-23 20:45:01,639600,0
2016-11-23 20:50:01,639900,0
2016-11-23 20:55:01,640200,0
2016-11-23 21:00:01,640500,0
2016-11-23 21:05:01,640800,0
2016-11-23 21:10:01,641100,0
2016-11-23 21:15:01,641400,0
2016-11-23 21:20:01,641700,0
2016-11-23 21:25:01,642000,0
2016-11-23 21:30:01,642300,0
2016-11-23 21:35:01,642600,0
2016-11-23 21:40:01,642900,0
2016-11-23 21:45:01,643200,0
2016-11-23 21:50:01,643500,0
2016-11-23 21:55:01,643800,0
2016-11-23 22:00:01,644100,0
2016-11-23 22:05:01,644400,0
2016-11-23 22:10:01,644700,0
2016-11-23 22:15:01,645000,0
2016-11-23 22:20:01,645300,0
2016-11-23 22:25:01,645600,0
2016-11-23 22:30:01,645900,0
2016-11-23 22:35:01,646200,0
2016-11-23 22:40:01,646500,0
2016-11-23 22:45:01,646800,0
2016-11-23 22:50:01,647100,0
2016-11-23 22:55:01,647400,0
2016-11-23 23:00:01,647700,0
2016-11-23 23:05:01,648000,0
2016-11-23 23:10:01,648300,0
2016-11-23 23:15:01,648600,0
2016-11-23 23:20:01,648900,0
2016-11-23 23:25:01,649200,0
2016-11-23 23:30:01,649500,0
2016-11-23 23:35:01,649800,0
2016-11-23 23:40:01,650100,0
2016-11-23 23:45:01,650400,0
2016-11-23 23:50:01,650700,0
2016-11-23 23:55:01,651000,0
2016-11-24 00:00:01,651300,0
2016-11-24 00:05:01,651600,0
2016-11-24 00:10:01,651900,0
2016-11-24 00:15:01,652200,0
2016-11-24 00:20:01,652500,0
2016-11-24 00:25:01,652800,0
2016-11-24 00:30:01,653100,0
2016-11-24 00:35:01,653400,0
2016-11-24 00:40:01,653700,0
2016-11-24 00:45:01,654000,0
2016-11-24 00:50:01,654300,0
2016-11-24 00:55:01,654600,0
2016-11-24 01:00:01,654900,0
2016-11-24 01:05:01,655200,0
2016-11-24 01:10:01,655500,0
2016-11-24 01:15:01,655800,0
2016-11-24 01:20:01,656100,0
2016-11-24 01:25:01,656400,0
2016-11-24 01:30:01,656700,0
2016-11-24 01:35:01,657000,0
2016-11-24 01:40:01,657300,0
2016-11-24 01:45:01,657600,0
2016-11-24 01:50:01,657900,0
2016-11-24 01:55:01,658200,0
2016-11-24 02:00:01,658500,0
2016-11-24 02:05:01,658800,0
2016-11-24 02:10:01,659100,0
2016-11-24 02:15:01,659400,0
2016-11-24 02:20:01,659700,0
2016-11-24 02:25:01,660000,0
2016-11-24 02:30:01,660300,0
2016-11-24 02:35:01,660600,0
2016-11-24 02:40:01,660900,0
2016-11-24 02:45:01,661200,0
2016-11-24 02:50:01,661500,0
2016-11-24 02:55:01,661800,0
2016-11-24 03:00:01,662100,0
2016-11-24 03:05:01,662400,0
2016-11-24 03:10:01,662700,0
2016-11-24 03:15:01,663000,0
2016-11-24 03:20:01,663300,0
2016-11-24 03:25:01,663600,0
2016-11-24 03:30:01,663900,0
2016-11-24 03:35:01,664200,0
2016-11-24 03:40:01,664500,0
2016-11-24 03:45:01,664800,0
2016-11-24 03:50:01,665100,0
2016-11-24 03:55:01,665400,0
2016-11-24 04:00:01,665700,0
2016-11-24 04:05:01,666000,0
2016-11-24 04:10:01,666300,0
2016-11-24 04:15:01,666600,0
2016-11-24 04:20:01,666900,0
2016-11-24 04:25:01,667200,0
2016-11-24 04:30:01,667500,0
2016-11-24 04:35:01,667800,0
2016-11-24 04:40:01,668100,0
2016-11-24 04:45:01,668400,0
2016-11-24 04:50:01,668700,0
2016-11-24 04:55:01,669000,0
2016-11-24 05:00:01,669300,0
2016-11-24 05:05:01,669600,0
2016-11-24 05:10:01,669900,0
2016-11-24 05:15:01,670200,0
2016-11-24 05:20:01,670500,0
2016-11-24 05:25:01,670800,0
2016-11-24 05:30:01,671100,0
2016-11-24 05:35:01,671400,0
2016-11-24 05:40:01,671700,0
2016-11-24 05:45:01,672000,0
2016-11-24 05:50:01,672300,0
2016-11-24 05:55:01,672600,0
2016-11-24 06:00:01,672900,0
2016-11-24 06:05:01,673200,0
2016-11-24 06:10:01,673500,0
2016-11-24 06:15:01,673800,0
2016-11-24 06:20:01,674100,0
2016-11-24 06:25:01,674400,0
2016-11-24 06:30:01,674700,0
2016-11-24 06:35:01,675000,0
2016-11-24 06:40:01,675300,0
2016-11-24 06:45:01,675600,0
2016-11-24 06:50:01,675900,0
2016-11-24 06:55:01,676200,0
2016-11-24 07:00:01,676500,0
2016-11-24 07:05:01,676800,0
2016-11-24 07:10:01,677100,0
2016-11-24 07:15:01,677400,0
2016-11-24 07:20:01,677700,0
2016-11-24 07:25:01,678000,0
2016-11-24 07:30:01,678300,0
2016-11-24 07:35:01,678600,0
2016-11-24 07:40:01,678900,0
2016-11-24 07:45:01,679200,0
2016-11-24 07:50:01,679500,0
2016-11-24 07:55:01,679800,0
2016-11-24 08:00:01,680100,0
2016-11-24 08:05:01,680400,0
2016-11-24 08:10:01,680700,0
2016-11-24 08:15:01,681000,0
2016-11-24 08:20:01,681300,0
2016-11-24 08:25:01,681600,0
2016-11-24 08:30:01,681900,0
2016-11-24 08:35:01,682200,0
2016-11-24 08:40:01,682500,0
2016-11-24 08:45:01,682800,0
2016-11-24 08:50:01,683100,0
2016-11-24 08:55:01,683400,0
2016-11-24 09:00:01,683700,0
2016-11-24 09:05:01,684000,14
2016-11-24 09:10:01,684300,24
2016-11-24 09:15:01,684600,20
2016-11-24 09:20:01,684900,25
2016-11-24 09:25:01,685200,26
2016-11-24 09:30:01,685500,17
2016-11-24 09:35:01,685800,30
2016-11-24 09:40:01,686100,39
2016-11-24 09:45:01,686400,38
2016-11-24 09:50:01,686700,37
2016-11-24 09:55:01,687000,18
2016-11-24 10:00:01,687300,17
2016-11-24 10:05:01,687600,30
2016-11-24 10:10:01,687900,24
2016-11-24 10:15:01,688200,22
2016-11-24 10:20:01,688500,30
2016-11-24 10:25:01,688800,43
2016-11-24 10:30:01,689100,31
2016-11-24 10:35:01,689400,52
2016-11-24 10:40:01,689700,50
2016-11-24 10:45:01,690000,34
2016-11-24 10:50:01,690300,24
2016-11-24 10:55:01,690600,0
2016-11-24 11:00:01,690900,0
2016-11-24 11:05:01,691200,0
2016-11-24 11:10:01,691500,16
2016-11-24 11:15:01,691800,26
2016-11-24 11:20:01,692100,0
2016-11-24 11:25:01,692400,68
2016-11-24 11:30:01,692700,563
2016-11-24 11:35:01,693000,620
2016-11-24 11:40:01,693300,678
2016-11-24 11:45:01,693600,382
2016-11-24 11:50:01,693900,601
2016-11-24 11:55:01,694200,321
2016-11-24 12:00:01,694500,616
2016-11-24 12:05:01,694800,615
2016-11-24 12:10:01,695100,622
2016-11-24 12:15:01,695400,814
2016-11-24 12:20:01,695700,327
2016-11-24 12:25:01,696000,730
2016-11-24 12:30:01,696300,278
2016-11-24 12:35:01,696600,145
2016-11-24 12:40:01,696900,124
2016-11-24 12:45:01,697200,162
2016-11-24 12:50:01,697500,166
2016-11-24 12:55:01,697800,180
2016-11-24 13:00:01,698100,140
2016-11-24 13:05:01,698400,104
2016-11-24 13:10:01,698700,170
2016-11-24 13:15:01,699000,494
2016-11-24 13:20:01,699300,744
2016-11-24 13:25:01,699600,222
2016-11-24 13:30:01,699900,259
2016-11-24 13:35:01,700200,289
2016-11-24 13:40:01,700500,634
2016-11-24 13:45:01,700800,586
2016-11-24 13:50:01,701100,573
2016-11-24 13:55:01,701400,416
2016-11-24 14:00:01,701700,386
2016-11-24 14:05:01,702000,506
2016-11-24 14:10:01,702300,508
2016-11-24 14:15:01,702600,502
2016-11-24 14:20:01,702900,485
2016-11-24 14:25:01,703200,397
2016-11-24 14:30:01,703500,445
2016-11-24 14:35:01,703800,447
2016-11-24 14:40:01,704100,442
2016-11-24 14:45:01,704400,424
2016-11-24 14:50:01,704700,406
2016-11-24 14:55:01,705000,370
2016-11-24 15:00:01,705300,103
2016-11-24 15:05:01,705600,63
2016-11-24 15:10:01,705900,109
2016-11-24 15:15:01,706200,330
2016-11-24 15:20:01,706500,165
2016-11-24 15:25:01,706800,57
2016-11-24 15:30:01,707100,33
2016-11-24 15:35:01,707400,20
2016-11-24 15:40:01,707700,46
2016-11-24 15:45:01,708000,64
2016-11-24 15:50:01,708300,67
2016-11-24 15:55:01,708600,60
2016-11-24 16:00:01,708900,40
2016-11-24 16:05:01,709200,49
2016-11-24 16:10:01,709500,42
2016-11-24 16:15:01,709800,72
2016-11-24 16:20:01,710100,50
2016-11-24 16:25:01,710400,36
2016-11-24 16:30:01,710700,33
2016-11-24 16:35:01,711000,27
2016-11-24 16:40:01,711300,22
2016-11-24 16:45:01,711600,21
2016-11-24 16:50:01,711900,16
2016-11-24 16:55:01,712200,0
2016-11-24 17:00:01,712500,0
2016-11-24 17:05:01,712800,0
2016-11-24 17:10:01,713100,0
2016-11-24 17:15:01,713400,0
2016-11-24 17:20:01,713700,0
2016-11-24 17:25:01,714000,0
2016-11-24 17:30:01,714300,0
2016-11-24 17:35:01,714600,0
2016-11-24 17:40:01,714900,0
2016-11-24 17:45:01,715200,0
2016-11-24 17:50:01,715500,0
2016-11-24 17:55:01,715800,0
2016-11-24 18:00:01,716100,0
2016-11-24 18:05:01,716400,0
2016-11-24 18:10:01,716700,0
2016-11-24 18:15:01,717000,0
2016-11-24 18:20:01,717300,0
2016-11-24 18:25:01,717600,0
2016-11-24 18:30:01,717900,0
2016-11-24 18:35:01,718200,0
2016-11-24 18:40:01,718500,0
2016-11-24 18:45:01,718800,0
2016-11-24 18:50:01,719100,0
2016-11-24 18:55:01,719400,0
2016-11-24 19:00:01,719700,0
2016-11-24 19:05:01,720000,0
2016-11-24 19:10:01,720300,0
2016-11-24 19:15:01,720600,0
2016-11-24 19:20:01,720900,0
2016-11-24 19:25:01,721200,0
2016-11-24 19:30:01,721500,0
2016-11-24 19:35:01,721800,0
2016-11-24 19:40:01,722100,0
2016-11-24 19:45:01,722400,0
2016-11-24 19:50:01,722700,0
2016-11-24 19:55:01,723000,0
2016-11-24 20:00:01,723300,0
2016-11-24 20:05:01,723600,0
2016-11-24 20:10:01,723900,0
2016-11-24 20:15:01,724200,0
2016-11-24 20:20:01,724500,0
2016-11-24 20:25:01,724800,0
2016-11-24 20:30:01,725100,0
2016-11-24 20:35:01,725400,0
2016-11-24 20:40:01,725700,0
2016-11-24 20:45:01,726000,0
2016-11-24 20:50:01,726300,0
2016-11-24 20:55:01,726600,0
2016-11-24 21:00:01,726900,0
2016-11-24 21:05:01,727200,0
2016-11-24 21:10:01,727500,0
2016-11-24 21:15:01,727800,0
2016-11-24 21:20:01,728100,0
2016-11-24 21:25:01,728400,0
2016-11-24 21:30:01,728700,0
2016-11-24 21:35:01,729000,0
2016-11-24 21:40:01,729300,0
2016-11-24 21:45:01,729600,0
2016-11-24 21:50:01,729900,0
2016-11-24 21:55:01,730200,0
2016-11-24 22:00:01,730500,0
2016-11-24 22:05:01,730800,0
2016-11-24 22:10:01,731100,0
2016-11-24 22:15:01,731400,0
2016-11-24 22:20:01,731700,0
2016-11-24 22:25:01,732000,0
2016-11-24 22:30:01,732300,0
2016-11-24 22:35:01,732600,0
2016-11-24 22:40:01,732900,0
2016-11-24 22:45:01,733200,0
2016-11-24 22:50:01,733500,0
2016-11-24 22:55:01,733800,0
2016-11-24 23:00:01,734100,0
2016-11-24 23:05:01,734400,0
2016-11-24 23:10:01,734700,0
2016-11-24 23:15:01,735000,0
2016-11-24 23:20:01,735300,0
2016-11-24 23:25:01,735600,0
2016-11-24 23:30:01,735900,0
2016-11-24 23:35:01,736200,0
2016-11-24 23:40:01,736500,0
2016-11-24 23:45:01,736800,0
2016-11-24 23:50:01,737100,0
2016-11-24 23:55:01,737400,0
2016-11-25 00:00:01,737700,0
2016-11-25 00:05:01,738000,0
2016-11-25 00:10:01,738300,0
2016-11-25 00:15:01,738600,0
2016-11-25 00:20:01,738900,0
2016-11-25 00:25:01,739200,0
2016-11-25 00:30:01,739500,0
2016-11-25 00:35:01,739800,0
2016-11-25 00:40:01,740100,0
2016-11-25 00:45:01,740400,0
2016-11-25 00:50:01,740700,0
2016-11-25 00:55:01,741000,0
2016-11-25 01:00:01,741300,0
2016-11-25 01:05:01,741600,0
2016-11-25 01:10:01,741900,0
2016-11-25 01:15:01,742200,0
2016-11-25 01:20:01,742500,0
2016-11-25 01:25:01,742800,0
2016-11-25 01:30:01,743100,0
2016-11-25 01:35:01,743400,0
2016-11-25 01:40:01,743700,0
2016-11-25 01:45:01,744000,0
2016-11-25 01:50:01,744300,0
2016-11-25 01:55:01,744600,0
2016-11-25 02:00:01,744900,0
2016-11-25 02:05:01,745200,0
2016-11-25 02:10:01,745500,0
2016-11-25 02:15:01,745800,0
2016-11-25 02:20:01,746100,0
2016-11-25 02:25:01,746400,0
2016-11-25 02:30:01,746700,0
2016-11-25 02:35:01,747000,0
2016-11-25 02:40:01,747300,0
2016-11-25 02:45:01,747600,0
2016-11-25 02:50:01,747900,0
2016-11-25 02:55:01,748200,0
2016-11-25 03:00:01,748500,0
2016-11-25 03:05:01,748800,0
2016-11-25 03:10:01,749100,0
2016-11-25 03:15:01,749400,0
2016-11-25 03:20:01,749700,0
2016-11-25 03:25:01,750000,0
2016-11-25 03:30:01,750300,0
2016-11-25 03:35:01,750600,0
2016-11-25 03:40:01,750900,0
2016-11-25 03:45:01,751200,0
2016-11-25 03:50:01,751500,0
2016-11-25 03:55:01,751800,0
2016-11-25 04:00:01,752100,0
2016-11-25 04:05:01,752400,0
2016-11-25 04:10:01,752700,0
2016-11-25 04:15:01,753000,0
2016-11-25 04:20:01,753300,0
2016-11-25 04:25:01,753600,0
2016-11-25 04:30:01,753900,0
2016-11-25 04:35:01,754200,0
2016-11-25 04:40:01,754500,0
2016-11-25 04:45:01,754800,0
2016-11-25 04:50:01,755100,0
2016-11-25 04:55:01,755400,0
2016-11-25 05:00:01,755700,0
2016-11-25 05:05:01,756000,0
2016-11-25 05:10:01,756300,0
2016-11-25 05:15:01,756600,0
2016-11-25 05:20:01,756900,0
2016-11-25 05:25:01,757200,0
2016-11-25 05:30:01,757500,0
2016-11-25 05:35:01,757800,0
2016-11-25 05:40:01,758100,0
2016-11-25 05:45:01,758400,0
2016-11-25 05:50:01,758700,0
2016-11-25 05:55:01,759000,0
2016-11-25 06:00:01,759300,0
2016-11-25 06:05:01,759600,0
2016-11-25 06:10:01,759900,0
2016-11-25 06:15:01,760200,0
2016-11-25 06:20:01,760500,0
2016-11-25 06:25:01,760800,0
2016-11-25 06:30:01,761100,0
2016-11-25 06:35:01,761400,0
2016-11-25 06:40:01,761700,0
2016-11-25 06:45:01,762000,0
2016-11-25 06:50:01,762300,0
2016-11-25 06:55:01,762600,0
2016-11-25 07:00:01,762900,0
2016-11-25 07:05:01,763200,0
2016-11-25 07:10:01,763500,0
2016-11-25 07:15:01,763800,0
2016-11-25 07:20:01,764100,0
2016-11-25 07:25:01,764400,0
2016-11-25 07:30:01,764700,0
2016-11-25 07:35:01,765000,0
2016-11-25 07:40:01,765300,0
2016-11-25 07:45:01,765600,0
2016-11-25 07:50:01,765900,0
2016-11-25 07:55:01,766200,0
2016-11-25 08:00:01,766500,0
2016-11-25 08:05:01,766800,0
2016-11-25 08:10:01,767100,0
2016-11-25 08:15:01,767400,0
2016-11-25 08:20:01,767700,0
2016-11-25 08:25:01,768000,0
2016-11-25 08:30:01,768300,0
2016-11-25 08:35:01,768600,0
2016-11-25 08:40:01,768900,0
2016-11-25 08:45:01,769200,0
2016-11-25 08:50:01,769500,0
2016-11-25 08:55:01,769800,0
2016-11-25 09:00:01,770100,0
2016-11-25 09:05:01,770400,0
2016-11-25 09:10:01,770700,0
2016-11-25 09:15:01,771000,0
2016-11-25 09:20:01,771300,0
2016-11-25 09:25:01,771600,0
2016-11-25 09:30:01,771900,0
2016-11-25 09:35:01,772200,0
2016-11-25 09:40:01,772500,0
2016-11-25 09:45:01,772800,24
2016-11-25 09:50:01,773100,26
2016-11-25 09:55:01,773400,19
2016-11-25 10:00:01,773700,19
2016-11-25 10:05:01,774000,15
2016-11-25 10:10:01,774300,18
2016-11-25 10:15:01,774600,16
2016-11-25 10:20:01,774900,23
2016-11-25 10:25:01,775200,29
2016-11-25 10:30:01,775500,29
2016-11-25 10:35:01,775800,28
2016-11-25 10:40:01,776100,27
2016-11-25 10:45:01,776400,23
2016-11-25 10:50:01,776700,21
2016-11-25 10:55:01,777000,21
2016-11-25 11:00:01,777300,20
2016-11-25 11:05:01,777600,23
2016-11-25 11:10:01,777900,23
2016-11-25 11:15:01,778200,22
2016-11-25 11:20:01,778500,28
2016-11-25 11:25:01,778800,33
2016-11-25 11:30:01,779100,27
2016-11-25 11:35:01,779400,18
2016-11-25 11:40:01,779700,21
2016-11-25 11:45:01,780000,36
2016-11-25 11:50:01,780300,31
2016-11-25 11:55:01,780600,21
2016-11-25 12:00:01,780900,15
2016-11-25 12:05:01,781200,0
2016-11-25 12:10:01,781500,25
2016-11-25 12:15:01,781800,39
2016-11-25 12:20:01,782100,36
2016-11-25 12:25:01,782400,40
2016-11-25 12:30:01,782700,37
2016-11-25 12:35:01,783000,33
2016-11-25 12:40:01,783300,45
2016-11-25 12:45:01,783600,39
2016-11-25 12:50:01,783900,46
2016-11-25 12:55:01,784200,43
2016-11-25 13:00:01,784500,24
2016-11-25 13:05:01,784800,27
2016-11-25 13:10:01,785100,20
2016-11-25 13:15:01,785400,20
2016-11-25 13:20:01,785700,16
2016-11-25 13:25:01,786000,17
2016-11-25 13:30:01,786300,20
2016-11-25 13:35:01,786600,20
2016-11-25 13:40:01,786900,16
2016-11-25 13:45:01,787200,20
2016-11-25 13:50:01,787500,0
2016-11-25 13:55:01,787800,0
2016-11-25 14:00:01,788100,0
2016-11-25 14:05:01,788400,0
2016-11-25 14:10:01,788700,0
2016-11-25 14:15:01,789000,0
2016-11-25 14:20:01,789300,0
2016-11-25 14:25:01,789600,0
2016-11-25 14:30:01,789900,0
2016-11-25 14:35:01,790200,0
2016-11-25 14:40:01,790500,0
2016-11-25 14:45:01,790800,0
2016-11-25 14:50:01,791100,0
2016-11-25 14:55:01,791400,0
2016-11-25 15:00:01,791700,0
2016-11-25 15:05:01,792000,15
2016-11-25 15:10:01,792300,15
2016-11-25 15:15:01,792600,23
2016-11-25 15:20:01,792900,25
2016-11-25 15:25:01,793200,22
2016-11-25 15:30:01,793500,19
2016-11-25 15:35:01,793800,15
2016-11-25 15:40:01,794100,0
2016-11-25 15:45:01,794400,0
2016-11-25 15:50:01,794700,0
2016-11-25 15:55:01,795000,13
2016-11-25 16:00:01,795300,14
2016-11-25 16:05:01,795600,14
2016-11-25 16:10:01,795900,0
2016-11-25 16:15:01,796200,0
2016-11-25 16:20:01,796500,0
2016-11-25 16:25:01,796800,0
2016-11-25 16:30:01,797100,0
2016-11-25 16:35:01,797400,0
2016-11-25 16:40:01,797700,0
2016-11-25 16:45:01,798000,0
2016-11-25 16:50:01,798300,0
2016-11-25 16:55:01,798600,0
2016-11-25 17:00:01,798900,0
2016-11-25 17:05:01,799200,0
2016-11-25 17:10:01,799500,0
2016-11-25 17:15:01,799800,0
2016-11-25 17:20:01,800100,0
2016-11-25 17:25:01,800400,0
2016-11-25 17:30:01,800700,0
2016-11-25 17:35:01,801000,0
2016-11-25 17:40:01,801300,0
2016-11-25 17:45:01,801600,0
2016-11-25 17:50:01,801900,0
2016-11-25 17:55:01,802200,0
2016-11-25 18:00:01,802500,0
2016-11-25 18:05:01,802800,0
2016-11-25 18:10:01,803100,0
2016-11-25 18:15:01,803400,0
2016-11-25 18:20:01,803700,0
2016-11-25 18:25:01,804000,0
2016-11-25 18:30:01,804300,0
2016-11-25 18:35:01,804600,0
2016-11-25 18:40:01,804900,0
2016-11-25 18:45:01,805200,0
2016-11-25 18:50:01,805500,0
2016-11-25 18:55:01,805800,0
2016-11-25 19:00:01,806100,0
2016-11-25 19:05:01,806400,0
2016-11-25 19:10:01,806700,0
2016-11-25 19:15:01,807000,0
2016-11-25 19:20:01,807300,0
2016-11-25 19:25:01,807600,0
2016-11-25 19:30:01,807900,0
2016-11-25 19:35:01,808200,0
2016-11-25 19:40:01,808500,0
2016-11-25 19:45:01,808800,0
2016-11-25 19:50:01,809100,0
2016-11-25 19:55:01,809400,0
2016-11-25 20:00:01,809700,0
2016-11-25 20:05:01,810000,0
2016-11-25 20:10:01,810300,0
2016-11-25 20:15:01,810600,0
2016-11-25 20:20:01,810900,0
2016-11-25 20:25:01,811200,0
2016-11-25 20:30:01,811500,0
2016-11-25 20:35:01,811800,0
2016-11-25 20:40:01,812100,0
2016-11-25 20:45:01,812400,0
2016-11-25 20:50:01,812700,0
2016-11-25 20:55:01,813000,0
2016-11-25 21:00:01,813300,0
2016-11-25 21:05:01,813600,0
2016-11-25 21:10:01,813900,0
2016-11-25 21:15:01,814200,0
2016-11-25 21:20:01,814500,0
2016-11-25 21:25:01,814800,0
2016-11-25 21:30:01,815100,0
2016-11-25 21:35:01,815400,0
2016-11-25 21:40:01,815700,0
2016-11-25 21:45:01,816000,0
2016-11-25 21:50:01,816300,0
2016-11-25 21:55:01,816600,0
2016-11-25 22:00:01,816900,0
2016-11-25 22:05:01,817200,0
2016-11-25 22:10:01,817500,0
2016-11-25 22:15:01,817800,0
2016-11-25 22:20:01,818100,0
2016-11-25 22:25:01,818400,0
2016-11-25 22:30:01,818700,0
2016-11-25 22:35:01,819000,0
2016-11-25 22:40:01,819300,0
2016-11-25 22:45:01,819600,0
2016-11-25 22:50:01,819900,0
2016-11-25 22:55:01,820200,0
2016-11-25 23:00:01,820500,0
2016-11-25 23:05:01,820800,0
2016-11-25 23:10:01,821100,0
2016-11-25 23:15:01,821400,0
2016-11-25 23:20:01,821700,0
2016-11-25 23:25:01,822000,0
2016-11-25 23:30:01,822300,0
2016-11-25 23:35:01,822600,0
2016-11-25 23:40:01,822900,0
2016-11-25 23:45:01,823200,0
2016-11-25 23:50:01,823500,0
2016-11-25 23:55:01,823800,0
2016-11-26 00:00:01,824100,0
2016-11-26 00:05:01,824400,0
2016-11-26 00:10:01,824700,0
2016-11-26 00:15:01,825000,0
2016-11-26 00:20:01,825300,0
2016-11-26 00:25:01,825600,0
2016-11-26 00:30:01,825900,0
2016-11-26 00:35:01,826200,0
2016-11-26 00:40:01,826500,0
2016-11-26 00:45:01,826800,0
2016-11-26 00:50:01,827100,0
2016-11-26 00:55:01,827400,0
2016-11-26 01:00:01,827700,0
2016-11-26 01:05:01,828000,0
2016-11-26 01:10:01,828300,0
2016-11-26 01:15:01,828600,0
2016-11-26 01:20:01,828900,0
2016-11-26 01:25:01,829200,0
2016-11-26 01:30:01,829500,0
2016-11-26 01:35:01,829800,0
2016-11-26 01:40:01,830100,0
2016-11-26 01:45:01,830400,0
2016-11-26 01:50:01,830700,0
2016-11-26 01:55:01,831000,0
2016-11-26 02:00:01,831300,0
2016-11-26 02:05:01,831600,0
2016-11-26 02:10:01,831900,0
2016-11-26 02:15:01,832200,0
2016-11-26 02:20:01,832500,0
2016-11-26 02:25:01,832800,0
2016-11-26 02:30:01,833100,0
2016-11-26 02:35:01,833400,0
2016-11-26 02:40:01,833700,0
2016-11-26 02:45:01,834000,0
2016-11-26 02:50:01,834300,0
2016-11-26 02:55:01,834600,0
2016-11-26 03:00:01,834900,0
2016-11-26 03:05:01,835200,0
2016-11-26 03:10:01,835500,0
2016-11-26 03:15:01,835800,0
2016-11-26 03:20:01,836100,0
2016-11-26 03:25:01,836400,0
2016-11-26 03:30:01,836700,0
2016-11-26 03:35:01,837000,0
2016-11-26 03:40:01,837300,0
2016-11-26 03:45:01,837600,0
2016-11-26 03:50:01,837900,0
2016-11-26 03:55:01,838200,0
2016-11-26 04:00:01,838500,0
2016-11-26 04:05:01,838800,0
2016-11-26 04:10:01,839100,0
2016-11-26 04:15:01,839400,0
2016-11-26 04:20:01,839700,0
2016-11-26 04:25:01,840000,0
2016-11-26 04:30:01,840300,0
2016-11-26 04:35:01,840600,0
2016-11-26 04:40:01,840900,0
2016-11-26 04:45:01,841200,0
2016-11-26 04:50:01,841500,0
2016-11-26 04:55:01,841800,0
2016-11-26 05:00:01,842100,0
2016-11-26 05:05:01,842400,0
2016-11-26 05:10:01,842700,0
2016-11-26 05:15:01,843000,0
2016-11-26 05:20:01,843300,0
2016-11-26 05:25:01,843600,0
2016-11-26 05:30:01,843900,0
2016-11-26 05:35:01,844200,0
2016-11-26 05:40:01,844500,0
2016-11-26 05:45:01,844800,0
2016-11-26 05:50:01,845100,0
2016-11-26 05:55:01,845400,0
2016-11-26 06:00:01,845700,0
2016-11-26 06:05:01,846000,0
2016-11-26 06:10:01,846300,0
2016-11-26 06:15:01,846600,0
2016-11-26 06:20:01,846900,0
2016-11-26 06:25:01,847200,0
2016-11-26 06:30:01,847500,0
2016-11-26 06:35:01,847800,0
2016-11-26 06:40:01,848100,0
2016-11-26 06:45:01,848400,0
2016-11-26 06:50:01,848700,0
2016-11-26 06:55:01,849000,0
2016-11-26 07:00:01,849300,0
2016-11-26 07:05:01,849600,0
2016-11-26 07:10:01,849900,0
2016-11-26 07:15:01,850200,0
2016-11-26 07:20:01,850500,0
2016-11-26 07:25:01,850800,0
2016-11-26 07:30:01,851100,0
2016-11-26 07:35:01,851400,0
2016-11-26 07:40:01,851700,0
2016-11-26 07:45:01,852000,0
2016-11-26 07:50:01,852300,0
2016-11-26 07:55:01,852600,0
2016-11-26 08:00:01,852900,0
2016-11-26 08:05:01,853200,0
2016-11-26 08:10:01,853500,0
2016-11-26 08:15:01,853800,0
2016-11-26 08:20:01,854100,0
2016-11-26 08:25:01,854400,0
2016-11-26 08:30:01,854700,0
2016-11-26 08:35:01,855000,0
2016-11-26 08:40:01,855300,0
2016-11-26 08:45:01,855600,0
2016-11-26 08:50:01,855900,18
2016-11-26 08:55:01,856200,28
2016-11-26 09:00:01,856500,26
2016-11-26 09:05:01,856800,27
2016-11-26 09:10:01,857100,31
2016-11-26 09:15:01,857400,31
2016-11-26 09:20:01,857700,26
2016-11-26 09:25:01,858000,31
2016-11-26 09:30:01,858300,42
2016-11-26 09:35:01,858600,28
2016-11-26 09:40:01,858900,41
2016-11-26 09:45:01,859200,45
2016-11-26 09:50:01,859500,55
2016-11-26 09:55:01,859800,86
2016-11-26 10:00:01,860100,58
2016-11-26 10:05:01,860400,56
2016-11-26 10:10:01,860700,63
2016-11-26 10:15:01,861000,62
2016-11-26 10:20:01,861300,55
2016-11-26 10:25:01,861600,71
2016-11-26 10:30:01,861900,108
2016-11-26 10:35:01,862200,109
2016-11-26 10:40:01,862500,82
2016-11-26 10:45:01,862800,90
2016-11-26 10:50:01,863100,68
2016-11-26 10:55:01,863400,90
2016-11-26 11:00:01,863700,99
2016-11-26 11:05:01,864000,93
2016-11-26 11:10:01,864300,100
2016-11-26 11:15:01,864600,88
2016-11-26 11:20:01,864900,109
2016-11-26 11:25:01,865200,119
2016-11-26 11:30:01,865500,108
2016-11-26 11:35:01,865800,105
2016-11-26 11:40:01,866100,93
2016-11-26 11:45:01,866400,127
2016-11-26 11:50:01,866700,114
2016-11-26 11:55:01,867000,109
2016-11-26 12:00:01,867300,110
2016-11-26 12:05:01,867600,130
2016-11-26 12:10:01,867900,165
2016-11-26 12:15:01,868200,155
2016-11-26 12:20:01,868500,158
2016-11-26 12:25:01,868800,156
2016-11-26 12:30:01,869100,165
2016-11-26 12:35:01,869400,169
2016-11-26 12:40:01,869700,154
2016-11-26 12:45:01,870000,190
2016-11-26 12:50:01,870300,197
2016-11-26 12:55:01,870600,282
2016-11-26 13:00:01,870900,219
2016-11-26 13:05:01,871200,230
2016-11-26 13:10:01,871500,359
2016-11-26 13:15:01,871800,337
2016-11-26 13:20:01,872100,272
2016-11-26 13:25:01,872400,397
2016-11-26 13:30:01,872700,352
2016-11-26 13:35:01,873000,328
2016-11-26 13:40:01,873300,268
2016-11-26 13:45:01,873600,200
2016-11-26 13:50:01,873900,153
2016-11-26 13:55:01,874200,143
2016-11-26 14:00:01,874500,125
2016-11-26 14:05:01,874800,116
2016-11-26 14:10:01,875100,113
2016-11-26 14:15:01,875400,103
2016-11-26 14:20:01,875700,116
2016-11-26 14:25:01,876000,114
2016-11-26 14:30:01,876300,128
2016-11-26 14:35:01,876600,126
2016-11-26 14:40:01,876900,117
2016-11-26 14:45:01,877200,116
2016-11-26 14:50:01,877500,117
2016-11-26 14:55:01,877800,117
2016-11-26 15:00:01,878100,133
2016-11-26 15:05:01,878400,164
2016-11-26 15:10:01,878700,109
2016-11-26 15:15:01,879000,103
2016-11-26 15:20:01,879300,93
2016-11-26 15:25:01,879600,106
2016-11-26 15:30:01,879900,72
2016-11-26 15:35:01,880200,68
2016-11-26 15:40:01,880500,61
2016-11-26 15:45:01,880800,62
2016-11-26 15:50:01,881100,53
2016-11-26 15:55:01,881400,46
2016-11-26 16:00:01,881700,37
2016-11-26 16:05:02,882000,34
2016-11-26 16:10:01,882300,30
2016-11-26 16:15:01,882600,27
2016-11-26 16:20:01,882900,16
2016-11-26 16:25:01,883200,0
2016-11-26 16:30:01,883500,0
2016-11-26 16:35:01,883800,0
2016-11-26 16:40:01,884100,0
2016-11-26 16:45:01,884400,0
2016-11-26 16:50:01,884700,0
2016-11-26 16:55:01,885000,0
2016-11-26 17:00:01,885300,0
2016-11-26 17:05:01,885600,0
2016-11-26 17:10:01,885900,0
2016-11-26 17:15:01,886200,0
2016-11-26 17:20:01,886500,0
2016-11-26 17:25:01,886800,0
2016-11-26 17:30:01,887100,0
2016-11-26 17:35:01,887400,0
2016-11-26 17:40:01,887700,0
2016-11-26 17:45:01,888000,0
2016-11-26 17:50:01,888300,0
2016-11-26 17:55:01,888600,0
2016-11-26 18:00:01,888900,0
2016-11-26 18:05:01,889200,0
2016-11-26 18:10:01,889500,0
2016-11-26 18:15:01,889800,0
2016-11-26 18:20:01,890100,0
2016-11-26 18:25:01,890400,0
2016-11-26 18:30:01,890700,0
2016-11-26 18:35:01,891000,0
2016-11-26 18:40:01,891300,0
2016-11-26 18:45:01,891600,0
2016-11-26 18:50:01,891900,0
2016-11-26 18:55:01,892200,0
2016-11-26 19:00:01,892500,0
2016-11-26 19:05:01,892800,0
2016-11-26 19:10:01,893100,0
2016-11-26 19:15:01,893400,0
2016-11-26 19:20:01,893700,0
2016-11-26 19:25:01,894000,0
2016-11-26 19:30:01,894300,0
2016-11-26 19:35:01,894600,0
2016-11-26 19:40:01,894900,0
2016-11-26 19:45:01,895200,0
2016-11-26 19:50:01,895500,0
2016-11-26 19:55:01,895800,0
2016-11-26 20:00:01,896100,0
2016-11-26 20:05:01,896400,0
2016-11-26 20:10:01,896700,0
2016-11-26 20:15:01,897000,0
2016-11-26 20:20:01,897300,0
2016-11-26 20:25:01,897600,0
2016-11-26 20:30:01,897900,0
2016-11-26 20:35:01,898200,0
2016-11-26 20:40:01,898500,0
2016-11-26 20:45:01,898800,0
2016-11-26 20:50:01,899100,0
2016-11-26 20:55:01,899400,0
2016-11-26 21:00:01,899700,0
2016-11-26 21:05:01,900000,0
2016-11-26 21:10:01,900300,0
2016-11-26 21:15:01,900600,0
2016-11-26 21:20:01,900900,0
2016-11-26 21:25:01,901200,0
2016-11-26 21:30:01,901500,0
2016-11-26 21:35:01,901800,0
2016-11-26 21:40:01,902100,0
2016-11-26 21:45:01,902400,0
2016-11-26 21:50:01,902700,0
2016-11-26 21:55:01,903000,0
2016-11-26 22:00:01,903300,0
2016-11-26 22:05:01,903600,0
2016-11-26 22:10:01,903900,0
2016-11-26 22:15:01,904200,0
2016-11-26 22:20:01,904500,0
2016-11-26 22:25:01,904800,0
2016-11-26 22:30:01,905100,0
2016-11-26 22:35:01,905400,0
2016-11-26 22:40:01,905700,0
2016-11-26 22:45:01,906000,0
2016-11-26 22:50:01,906300,0
2016-11-26 22:55:01,906600,0
2016-11-26 23:00:01,906900,0
2016-11-26 23:05:01,907200,0
2016-11-26 23:10:01,907500,0
2016-11-26 23:15:01,907800,0
2016-11-26 23:20:01,908100,0
2016-11-26 23:25:01,908400,0
2016-11-26 23:30:01,908700,0
2016-11-26 23:35:01,909000,0
2016-11-26 23:40:01,909300,0
2016-11-26 23:45:01,909600,0
2016-11-26 23:50:01,909900,0
2016-11-26 23:55:01,910200,0
2016-11-27 00:00:01,910500,0
2016-11-27 00:05:01,910800,0
2016-11-27 00:10:01,911100,0
2016-11-27 00:15:01,911400,0
2016-11-27 00:20:01,911700,0
2016-11-27 00:25:01,912000,0
2016-11-27 00:30:01,912300,0
2016-11-27 00:35:01,912600,0
2016-11-27 00:40:01,912900,0
2016-11-27 00:45:01,913200,0
2016-11-27 00:50:01,913500,0
2016-11-27 00:55:01,913800,0
2016-11-27 01:00:01,914100,0
2016-11-27 01:05:01,914400,0
2016-11-27 01:10:01,914700,0
2016-11-27 01:15:01,915000,0
2016-11-27 01:20:01,915300,0
2016-11-27 01:25:01,915600,0
2016-11-27 01:30:01,915900,0
2016-11-27 01:35:01,916200,0
2016-11-27 01:40:01,916500,0
2016-11-27 01:45:01,916800,0
2016-11-27 01:50:01,917100,0
2016-11-27 01:55:01,917400,0
2016-11-27 02:00:01,917700,0
2016-11-27 02:05:01,918000,0
2016-11-27 02:10:01,918300,0
2016-11-27 02:15:01,918600,0
2016-11-27 02:20:01,918900,0
2016-11-27 02:25:01,919200,0
2016-11-27 02:30:01,919500,0
2016-11-27 02:35:01,919800,0
2016-11-27 02:40:01,920100,0
2016-11-27 02:45:01,920400,0
2016-11-27 02:50:01,920700,0
2016-11-27 02:55:01,921000,0
2016-11-27 03:00:01,921300,0
2016-11-27 03:05:01,921600,0
2016-11-27 03:10:01,921900,0
2016-11-27 03:15:01,922200,0
2016-11-27 03:20:01,922500,0
2016-11-27 03:25:01,922800,0
2016-11-27 03:30:01,923100,0
2016-11-27 03:35:01,923400,0
2016-11-27 03:40:01,923700,0
2016-11-27 03:45:01,924000,0
2016-11-27 03:50:01,924300,0
2016-11-27 03:55:01,924600,0
2016-11-27 04:00:01,924900,0
2016-11-27 04:05:01,925200,0
2016-11-27 04:10:01,925500,0
2016-11-27 04:15:01,925800,0
2016-11-27 04:20:01,926100,0
2016-11-27 04:25:01,926400,0
2016-11-27 04:30:01,926700,0
2016-11-27 04:35:01,927000,0
2016-11-27 04:40:01,927300,0
2016-11-27 04:45:01,927600,0
2016-11-27 04:50:01,927900,0
2016-11-27 04:55:01,928200,0
2016-11-27 05:00:01,928500,0
2016-11-27 05:05:01,928800,0
2016-11-27 05:10:01,929100,0
2016-11-27 05:15:01,929400,0
2016-11-27 05:20:01,929700,0
2016-11-27 05:25:01,930000,0
2016-11-27 05:30:01,930300,0
2016-11-27 05:35:01,930600,0
2016-11-27 05:40:01,930900,0
2016-11-27 05:45:01,931200,0
2016-11-27 05:50:01,931500,0
2016-11-27 05:55:01,931800,0
2016-11-27 06:00:01,932100,0
2016-11-27 06:05:01,932400,0
2016-11-27 06:10:01,932700,0
2016-11-27 06:15:01,933000,0
2016-11-27 06:20:01,933300,0
2016-11-27 06:25:01,933600,0
2016-11-27 06:30:01,933900,0
2016-11-27 06:35:01,934200,0
2016-11-27 06:40:01,934500,0
2016-11-27 06:45:01,934800,0
2016-11-27 06:50:01,935100,0
2016-11-27 06:55:01,935400,0
2016-11-27 07:00:01,935700,0
2016-11-27 07:05:01,936000,0
2016-11-27 07:10:01,936300,0
2016-11-27 07:15:01,936600,0
2016-11-27 07:20:01,936900,0
2016-11-27 07:25:01,937200,0
2016-11-27 07:30:01,937500,0
2016-11-27 07:35:01,937800,0
2016-11-27 07:40:01,938100,0
2016-11-27 07:45:01,938400,0
2016-11-27 07:50:01,938700,0
2016-11-27 07:55:01,939000,0
2016-11-27 08:00:01,939300,0
2016-11-27 08:05:01,939600,0
2016-11-27 08:10:01,939900,0
2016-11-27 08:15:01,940200,0
2016-11-27 08:20:01,940500,0
2016-11-27 08:25:01,940800,0
2016-11-27 08:30:01,941100,0
2016-11-27 08:35:01,941400,0
2016-11-27 08:40:01,941700,0
2016-11-27 08:45:01,942000,0
2016-11-27 08:50:01,942300,0
2016-11-27 08:55:01,942600,0
2016-11-27 09:00:01,942900,0
2016-11-27 09:05:01,943200,0
2016-11-27 09:10:01,943500,0
2016-11-27 09:15:01,943800,0
2016-11-27 09:20:01,944100,15
2016-11-27 09:25:01,944400,21
2016-11-27 09:30:01,944700,25
2016-11-27 09:35:01,945000,28
2016-11-27 09:40:01,945300,34
2016-11-27 09:45:01,945600,36
2016-11-27 09:50:01,945900,33
2016-11-27 09:55:01,946200,33
2016-11-27 10:00:01,946500,35
2016-11-27 10:05:01,946800,40
2016-11-27 10:10:01,947100,48
2016-11-27 10:15:01,947400,49
2016-11-27 10:20:01,947700,52
2016-11-27 10:25:01,948000,74
2016-11-27 10:30:01,948300,61
2016-11-27 10:35:01,948600,69
2016-11-27 10:40:01,948900,78
2016-11-27 10:45:01,949200,63
2016-11-27 10:50:01,949500,92
2016-11-27 10:55:01,949800,78
2016-11-27 11:00:01,950100,62
2016-11-27 11:05:01,950400,65
2016-11-27 11:10:01,950700,88
2016-11-27 11:15:01,951000,90
2016-11-27 11:20:01,951300,95
2016-11-27 11:25:01,951600,95
2016-11-27 11:30:01,951900,90
2016-11-27 11:35:01,952200,142
2016-11-27 11:40:01,952500,133
2016-11-27 11:45:01,952800,125
2016-11-27 11:50:01,953100,129
2016-11-27 11:55:01,953400,230
2016-11-27 12:00:01,953700,340
2016-11-27 12:05:01,954000,250
2016-11-27 12:10:01,954300,151
2016-11-27 12:15:01,954600,141
2016-11-27 12:20:01,954900,178
2016-11-27 12:25:01,955200,159
2016-11-27 12:30:01,955500,152
2016-11-27 12:35:01,955800,135
2016-11-27 12:40:01,956100,151
2016-11-27 12:45:01,956400,382
2016-11-27 12:50:01,956700,216
2016-11-27 12:55:01,957000,149
2016-11-27 13:00:01,957300,493
2016-11-27 13:05:01,957600,529
2016-11-27 13:10:01,957900,547
2016-11-27 13:15:01,958200,550
2016-11-27 13:20:01,958500,545
2016-11-27 13:25:01,958800,533
2016-11-27 13:30:01,959100,536
2016-11-27 13:35:01,959400,398
2016-11-27 13:40:01,959700,509
2016-11-27 13:45:01,960000,496
2016-11-27 13:50:01,960300,519
2016-11-27 13:55:01,960600,550
2016-11-27 14:00:01,960900,473
2016-11-27 14:05:01,961200,461
2016-11-27 14:10:01,961500,467
2016-11-27 14:15:01,961800,406
2016-11-27 14:20:01,962100,419
2016-11-27 14:25:01,962400,349
2016-11-27 14:30:01,962700,365
2016-11-27 14:35:01,963000,329
2016-11-27 14:40:01,963300,315
2016-11-27 14:45:01,963600,167
2016-11-27 14:50:01,963900,240
2016-11-27 14:55:01,964200,291
2016-11-27 15:00:01,964500,185
2016-11-27 15:05:01,964800,290
2016-11-27 15:10:01,965100,274
2016-11-27 15:15:01,965400,255
2016-11-27 15:20:01,965700,122
2016-11-27 15:25:01,966000,103
2016-11-27 15:30:01,966300,228
2016-11-27 15:35:01,966600,146
2016-11-27 15:40:01,966900,196
2016-11-27 15:45:01,967200,190
2016-11-27 15:50:01,967500,156
2016-11-27 15:55:01,967800,113
2016-11-27 16:00:01,968100,98
2016-11-27 16:05:01,968400,74
2016-11-27 16:10:01,968700,68
2016-11-27 16:15:01,969000,77
2016-11-27 16:20:01,969300,51
2016-11-27 16:25:01,969600,44
2016-11-27 16:30:01,969900,40
2016-11-27 16:35:01,970200,33
2016-11-27 16:40:01,970500,27
2016-11-27 16:45:01,970800,22
2016-11-27 16:50:01,971100,18
2016-11-27 16:55:01,971400,0
2016-11-27 17:00:01,971700,0
2016-11-27 17:05:01,972000,0
2016-11-27 17:10:01,972300,0
2016-11-27 17:15:01,972600,0
2016-11-27 17:20:01,972900,0
2016-11-27 17:25:01,973200,0
2016-11-27 17:30:01,973500,0
2016-11-27 17:35:01,973800,0
2016-11-27 17:40:01,974100,0
2016-11-27 17:45:01,974400,0
2016-11-27 17:50:01,974700,0
2016-11-27 17:55:01,975000,0
2016-11-27 18:00:01,975300,0
2016-11-27 18:05:01,975600,0
2016-11-27 18:10:01,975900,0
2016-11-27 18:15:01,976200,0
2016-11-27 18:20:01,976500,0
2016-11-27 18:25:01,976800,0
2016-11-27 18:30:01,977100,0
2016-11-27 18:35:01,977400,0
2016-11-27 18:40:01,977700,0
2016-11-27 18:45:01,978000,0
2016-11-27 18:50:01,978300,0
2016-11-27 18:55:01,978600,0
2016-11-27 19:00:01,978900,0
2016-11-27 19:05:01,979200,0
2016-11-27 19:10:01,979500,0
2016-11-27 19:15:01,979800,0
2016-11-27 19:20:01,980100,0
2016-11-27 19:25:01,980400,0
2016-11-27 19:30:01,980700,0
2016-11-27 19:35:01,981000,0
2016-11-27 19:40:01,981300,0
2016-11-27 19:45:01,981600,0
2016-11-27 19:50:01,981900,0
2016-11-27 19:55:01,982200,0
2016-11-27 20:00:01,982500,0
2016-11-27 20:05:01,982800,0
2016-11-27 20:10:01,983100,0
2016-11-27 20:15:01,983400,0
2016-11-27 20:20:01,983700,0
2016-11-27 20:25:01,984000,0
2016-11-27 20:30:01,984300,0
2016-11-27 20:35:01,984600,0
2016-11-27 20:40:01,984900,0
2016-11-27 20:45:01,985200,0
2016-11-27 20:50:01,985500,0
2016-11-27 20:55:01,985800,0
2016-11-27 21:00:01,986100,0
2016-11-27 21:05:01,986400,0
2016-11-27 21:10:01,986700,0
2016-11-27 21:15:01,987000,0
2016-11-27 21:20:01,987300,0
2016-11-27 21:25:01,987600,0
2016-11-27 21:30:01,987900,0
2016-11-27 21:35:01,988200,0
2016-11-27 21:40:01,988500,0
2016-11-27 21:45:01,988800,0
2016-11-27 21:50:01,989100,0
2016-11-27 21:55:01,989400,0
2016-11-27 22:00:01,989700,0
2016-11-27 22:05:01,990000,0
2016-11-27 22:10:01,990300,0
2016-11-27 22:15:01,990600,0
2016-11-27 22:20:01,990900,0
2016-11-27 22:25:01,991200,0
2016-11-27 22:30:01,991500,0
2016-11-27 22:35:01,991800,0
2016-11-27 22:40:01,992100,0
2016-11-27 22:45:01,992400,0
2016-11-27 22:50:01,992700,0
2016-11-27 22:55:01,993000,0
2016-11-27 23:00:01,993300,0
2016-11-27 23:05:01,993600,0
2016-11-27 23:10:01,993900,0
2016-11-27 23:15:01,994200,0
2016-11-27 23:20:01,994500,0
2016-11-27 23:25:01,994800,0
2016-11-27 23:30:01,995100,0
2016-11-27 23:35:01,995400,0
2016-11-27 23:40:01,995700,0
2016-11-27 23:45:01,996000,0
2016-11-27 23:50:01,996300,0
2016-11-27 23:55:01,996600,0
2016-11-28 00:00:01,996900,0
2016-11-28 00:05:01,997200,0
2016-11-28 00:10:01,997500,0
2016-11-28 00:15:01,997800,0
2016-11-28 00:20:01,998100,0
2016-11-28 00:25:01,998400,0
2016-11-28 00:30:01,998700,0
2016-11-28 00:35:01,999000,0
2016-11-28 00:40:01,999300,0
2016-11-28 00:45:01,999600,0
2016-11-28 00:50:01,999900,0
2016-11-28 00:55:01,1000200,0
2016-11-28 01:00:01,1000500,0
2016-11-28 01:05:01,1000800,0
2016-11-28 01:10:01,1001100,0
2016-11-28 01:15:01,1001400,0
2016-11-28 01:20:01,1001700,0
2016-11-28 01:25:01,1002000,0
2016-11-28 01:30:01,1002300,0
2016-11-28 01:35:01,1002600,0
2016-11-28 01:40:01,1002900,0
2016-11-28 01:45:01,1003200,0
2016-11-28 01:50:01,1003500,0
2016-11-28 01:55:01,1003800,0
2016-11-28 02:00:01,1004100,0
2016-11-28 02:05:01,1004400,0
2016-11-28 02:10:01,1004700,0
2016-11-28 02:15:01,1005000,0
2016-11-28 02:20:01,1005300,0
2016-11-28 02:25:01,1005600,0
2016-11-28 02:30:01,1005900,0
2016-11-28 02:35:01,1006200,0
2016-11-28 02:40:01,1006500,0
2016-11-28 02:45:01,1006800,0
2016-11-28 02:50:01,1007100,0
2016-11-28 02:55:01,1007400,0
2016-11-28 03:00:01,1007700,0
2016-11-28 03:05:01,1008000,0
2016-11-28 03:10:01,1008300,0
2016-11-28 03:15:01,1008600,0
2016-11-28 03:20:01,1008900,0
2016-11-28 03:25:01,1009200,0
2016-11-28 03:30:01,1009500,0
2016-11-28 03:35:01,1009800,0
2016-11-28 03:40:01,1010100,0
2016-11-28 03:45:01,1010400,0
2016-11-28 03:50:01,1010700,0
2016-11-28 03:55:01,1011000,0
2016-11-28 04:00:01,1011300,0
2016-11-28 04:05:01,1011600,0
2016-11-28 04:10:01,1011900,0
2016-11-28 04:15:01,1012200,0
2016-11-28 04:20:01,1012500,0
2016-11-28 04:25:01,1012800,0
2016-11-28 04:30:01,1013100,0
2016-11-28 04:35:01,1013400,0
2016-11-28 04:40:01,1013700,0
2016-11-28 04:45:01,1014000,0
2016-11-28 04:50:01,1014300,0
2016-11-28 04:55:01,1014600,0
2016-11-28 05:00:01,1014900,0
2016-11-28 05:05:01,1015200,0
2016-11-28 05:10:01,1015500,0
2016-11-28 05:15:01,1015800,0
2016-11-28 05:20:01,1016100,0
2016-11-28 05:25:01,1016400,0
2016-11-28 05:30:01,1016700,0
2016-11-28 05:35:01,1017000,0
2016-11-28 05:40:01,1017300,0
2016-11-28 05:45:01,1017600,0
2016-11-28 05:50:01,1017900,0
2016-11-28 05:55:01,1018200,0
2016-11-28 06:00:01,1018500,0
2016-11-28 06:05:01,1018800,0
2016-11-28 06:10:01,1019100,0
2016-11-28 06:15:01,1019400,0
2016-11-28 06:20:01,1019700,0
2016-11-28 06:25:01,1020000,0
2016-11-28 06:30:01,1020300,0
2016-11-28 06:35:01,1020600,0
2016-11-28 06:40:01,1020900,0
2016-11-28 06:45:01,1021200,0
2016-11-28 06:50:01,1021500,0
2016-11-28 06:55:01,1021800,0
2016-11-28 07:00:01,1022100,0
2016-11-28 07:05:01,1022400,0
2016-11-28 07:10:01,1022700,0
2016-11-28 07:15:01,1023000,0
2016-11-28 07:20:01,1023300,0
2016-11-28 07:25:01,1023600,0
2016-11-28 07:30:01,1023900,0
2016-11-28 07:35:01,1024200,0
2016-11-28 07:40:01,1024500,0
2016-11-28 07:45:01,1024800,0
2016-11-28 07:50:01,1025100,0
2016-11-28 07:55:01,1025400,0
2016-11-28 08:00:01,1025700,0
2016-11-28 08:05:01,1026000,0
2016-11-28 08:10:01,1026300,0
2016-11-28 08:15:01,1026600,0
2016-11-28 08:20:01,1026900,0
2016-11-28 08:25:01,1027200,0
2016-11-28 08:30:01,1027500,0
2016-11-28 08:35:01,1027800,0
2016-11-28 08:40:01,1028100,0
2016-11-28 08:45:01,1028400,14
2016-11-28 08:50:01,1028700,15
2016-11-28 08:55:01,1029000,16
2016-11-28 09:00:01,1029300,19
2016-11-28 09:05:01,1029600,19
2016-11-28 09:10:01,1029900,24
2016-11-28 09:15:01,1030200,29
2016-11-28 09:20:01,1030500,34
2016-11-28 09:25:01,1030800,29
2016-11-28 09:30:01,1031100,30
2016-11-28 09:35:01,1031400,31
2016-11-28 09:40:01,1031700,39
2016-11-28 09:45:01,1032000,37
2016-11-28 09:50:01,1032300,40
2016-11-28 09:55:01,1032600,44
2016-11-28 10:00:01,1032900,48
2016-11-28 10:05:01,1033200,35
2016-11-28 10:10:01,1033500,39
2016-11-28 10:15:01,1033800,45
2016-11-28 10:20:01,1034100,86
2016-11-28 10:25:01,1034400,271
2016-11-28 10:30:01,1034700,354
2016-11-28 10:35:01,1035000,226
2016-11-28 10:40:01,1035300,396
2016-11-28 10:45:01,1035600,406
2016-11-28 10:50:01,1035900,418
2016-11-28 10:55:01,1036200,433
2016-11-28 11:00:01,1036500,446
2016-11-28 11:05:01,1036800,457
2016-11-28 11:10:01,1037100,473
2016-11-28 11:15:01,1037400,475
2016-11-28 11:20:01,1037700,501
2016-11-28 11:25:01,1038000,504
2016-11-28 11:30:01,1038300,505
2016-11-28 11:35:01,1038600,521
2016-11-28 11:40:01,1038900,524
2016-11-28 11:45:01,1039200,543
2016-11-28 11:50:01,1039500,548
2016-11-28 11:55:01,1039800,543
2016-11-28 12:00:01,1040100,556
2016-11-28 12:05:01,1040400,551
2016-11-28 12:10:01,1040700,559
2016-11-28 12:15:01,1041000,562
2016-11-28 12:20:01,1041300,566
2016-11-28 12:25:01,1041600,563
2016-11-28 12:30:01,1041900,574
2016-11-28 12:35:01,1042200,576
2016-11-28 12:40:01,1042500,590
2016-11-28 12:45:01,1042800,589
2016-11-28 12:50:01,1043100,592
2016-11-28 12:55:01,1043400,572
2016-11-28 13:00:01,1043700,585
2016-11-28 13:05:01,1044000,589
2016-11-28 13:10:01,1044300,584
2016-11-28 13:15:01,1044600,587
2016-11-28 13:20:01,1044900,581
2016-11-28 13:25:01,1045200,574
2016-11-28 13:30:01,1045500,566
2016-11-28 13:35:01,1045800,561
2016-11-28 13:40:01,1046100,554
2016-11-28 13:45:01,1046400,550
2016-11-28 13:50:01,1046700,551
2016-11-28 13:55:01,1047000,543
2016-11-28 14:00:01,1047300,532
2016-11-28 14:05:01,1047600,528
2016-11-28 14:10:01,1047900,519
2016-11-28 14:15:01,1048200,507
2016-11-28 14:20:01,1048500,498
2016-11-28 14:25:01,1048800,486
2016-11-28 14:30:01,1049100,476
2016-11-28 14:35:01,1049400,463
2016-11-28 14:40:02,1049700,450
2016-11-28 14:45:01,1050000,437
2016-11-28 14:50:01,1050300,421
2016-11-28 14:55:01,1050600,407
2016-11-28 15:00:01,1050900,391
2016-11-28 15:05:01,1051200,376
2016-11-28 15:10:01,1051500,360
2016-11-28 15:15:01,1051800,341
2016-11-28 15:20:01,1052100,326
2016-11-28 15:25:01,1052400,308
2016-11-28 15:30:01,1052700,289
2016-11-28 15:35:01,1053000,270
2016-11-28 15:40:01,1053300,253
2016-11-28 15:45:01,1053600,234
2016-11-28 15:50:01,1053900,216
2016-11-28 15:55:01,1054200,119
2016-11-28 16:00:01,1054500,93
2016-11-28 16:05:01,1054800,44
2016-11-28 16:10:01,1055100,38
2016-11-28 16:15:01,1055400,79
2016-11-28 16:20:01,1055700,24
2016-11-28 16:25:01,1056000,21
2016-11-28 16:30:01,1056300,20
2016-11-28 16:35:01,1056600,0
2016-11-28 16:40:01,1056900,0
2016-11-28 16:45:01,1057200,0
2016-11-28 16:50:01,1057500,0
2016-11-28 16:55:01,1057800,0
2016-11-28 17:00:01,1058100,0
2016-11-28 17:05:01,1058400,0
2016-11-28 17:10:01,1058700,0
2016-11-28 17:15:01,1059000,0
2016-11-28 17:20:01,1059300,0
2016-11-28 17:25:01,1059600,0
2016-11-28 17:30:01,1059900,0
2016-11-28 17:35:01,1060200,0
2016-11-28 17:40:01,1060500,0
2016-11-28 17:45:01,1060800,0
2016-11-28 17:50:01,1061100,0
2016-11-28 17:55:01,1061400,0
2016-11-28 18:00:01,1061700,0
2016-11-28 18:05:01,1062000,0
2016-11-28 18:10:01,1062300,0
2016-11-28 18:15:01,1062600,0
2016-11-28 18:20:01,1062900,0
2016-11-28 18:25:01,1063200,0
2016-11-28 18:30:01,1063500,0
2016-11-28 18:35:01,1063800,0
2016-11-28 18:40:01,1064100,0
2016-11-28 18:45:01,1064400,0
2016-11-28 18:50:01,1064700,0
2016-11-28 18:55:01,1065000,0
2016-11-28 19:00:01,1065300,0
2016-11-28 19:05:01,1065600,0
2016-11-28 19:10:01,1065900,0
2016-11-28 19:15:01,1066200,0
2016-11-28 19:20:01,1066500,0
2016-11-28 19:25:01,1066800,0
2016-11-28 19:30:01,1067100,0
2016-11-28 19:35:01,1067400,0
2016-11-28 19:40:01,1067700,0
2016-11-28 19:45:01,1068000,0
2016-11-28 19:50:01,1068300,0
2016-11-28 19:55:01,1068600,0
2016-11-28 20:00:01,1068900,0
2016-11-28 20:05:01,1069200,0
2016-11-28 20:10:01,1069500,0
2016-11-28 20:15:01,1069800,0
2016-11-28 20:20:01,1070100,0
2016-11-28 20:25:01,1070400,0
2016-11-28 20:30:01,1070700,0
2016-11-28 20:35:01,1071000,0
2016-11-28 20:40:01,1071300,0
2016-11-28 20:45:01,1071600,0
2016-11-28 20:50:01,1071900,0
2016-11-28 20:55:01,1072200,0
2016-11-28 21:00:01,1072500,0
2016-11-28 21:05:01,1072800,0
2016-11-28 21:10:01,1073100,0
2016-11-28 21:15:01,1073400,0
2016-11-28 21:20:01,1073700,0
2016-11-28 21:25:01,1074000,0
2016-11-28 21:30:01,1074300,0
2016-11-28 21:35:01,1074600,0
2016-11-28 21:40:01,1074900,0
2016-11-28 21:45:01,1075200,0
2016-11-28 21:50:01,1075500,0
2016-11-28 21:55:01,1075800,0
2016-11-28 22:00:01,1076100,0
2016-11-28 22:05:01,1076400,0
2016-11-28 22:10:01,1076700,0
2016-11-28 22:15:01,1077000,0
2016-11-28 22:20:01,1077300,0
2016-11-28 22:25:01,1077600,0
2016-11-28 22:30:01,1077900,0
2016-11-28 22:35:01,1078200,0
2016-11-28 22:40:01,1078500,0
2016-11-28 22:45:01,1078800,0
2016-11-28 22:50:01,1079100,0
2016-11-28 22:55:01,1079400,0
2016-11-28 23:00:01,1079700,0
2016-11-28 23:05:01,1080000,0
2016-11-28 23:10:01,1080300,0
2016-11-28 23:15:01,1080600,0
2016-11-28 23:20:01,1080900,0
2016-11-28 23:25:01,1081200,0
2016-11-28 23:30:01,1081500,0
2016-11-28 23:35:01,1081800,0
2016-11-28 23:40:01,1082100,0
2016-11-28 23:45:01,1082400,0
2016-11-28 23:50:01,1082700,0
2016-11-28 23:55:01,1083000,0
2016-11-29 00:00:01,1083300,0
2016-11-29 00:05:01,1083600,0
2016-11-29 00:10:01,1083900,0
2016-11-29 00:15:01,1084200,0
2016-11-29 00:20:01,1084500,0
2016-11-29 00:25:01,1084800,0
2016-11-29 00:30:01,1085100,0
2016-11-29 00:35:01,1085400,0
2016-11-29 00:40:01,1085700,0
2016-11-29 00:45:01,1086000,0
2016-11-29 00:50:01,1086300,0
2016-11-29 00:55:01,1086600,0
2016-11-29 01:00:01,1086900,0
2016-11-29 01:05:01,1087200,0
2016-11-29 01:10:01,1087500,0
2016-11-29 01:15:01,1087800,0
2016-11-29 01:20:01,1088100,0
2016-11-29 01:25:01,1088400,0
2016-11-29 01:30:01,1088700,0
2016-11-29 01:35:01,1089000,0
2016-11-29 01:40:01,1089300,0
2016-11-29 01:45:01,1089600,0
2016-11-29 01:50:01,1089900,0
2016-11-29 01:55:01,1090200,0
2016-11-29 02:00:01,1090500,0
2016-11-29 02:05:01,1090800,0
2016-11-29 02:10:01,1091100,0
2016-11-29 02:15:01,1091400,0
2016-11-29 02:20:01,1091700,0
2016-11-29 02:25:01,1092000,0
2016-11-29 02:30:01,1092300,0
2016-11-29 02:35:01,1092600,0
2016-11-29 02:40:01,1092900,0
2016-11-29 02:45:01,1093200,0
2016-11-29 02:50:01,1093500,0
2016-11-29 02:55:01,1093800,0
2016-11-29 03:00:01,1094100,0
2016-11-29 03:05:01,1094400,0
2016-11-29 03:10:01,1094700,0
2016-11-29 03:15:01,1095000,0
2016-11-29 03:20:01,1095300,0
2016-11-29 03:25:01,1095600,0
2016-11-29 03:30:01,1095900,0
2016-11-29 03:35:01,1096200,0
2016-11-29 03:40:01,1096500,0
2016-11-29 03:45:01,1096800,0
2016-11-29 03:50:01,1097100,0
2016-11-29 03:55:01,1097400,0
2016-11-29 04:00:01,1097700,0
2016-11-29 04:05:01,1098000,0
2016-11-29 04:10:01,1098300,0
2016-11-29 04:15:01,1098600,0
2016-11-29 04:20:01,1098900,0
2016-11-29 04:25:01,1099200,0
2016-11-29 04:30:01,1099500,0
2016-11-29 04:35:01,1099800,0
2016-11-29 04:40:01,1100100,0
2016-11-29 04:45:01,1100400,0
2016-11-29 04:50:01,1100700,0
2016-11-29 04:55:01,1101000,0
2016-11-29 05:00:01,1101300,0
2016-11-29 05:05:01,1101600,0
2016-11-29 05:10:01,1101900,0
2016-11-29 05:15:01,1102200,0
2016-11-29 05:20:01,1102500,0
2016-11-29 05:25:01,1102800,0
2016-11-29 05:30:01,1103100,0
2016-11-29 05:35:01,1103400,0
2016-11-29 05:40:01,1103700,0
2016-11-29 05:45:01,1104000,0
2016-11-29 05:50:01,1104300,0
2016-11-29 05:55:01,1104600,0
2016-11-29 06:00:01,1104900,0
2016-11-29 06:05:01,1105200,0
2016-11-29 06:10:01,1105500,0
2016-11-29 06:15:01,1105800,0
2016-11-29 06:20:01,1106100,0
2016-11-29 06:25:01,1106400,0
2016-11-29 06:30:01,1106700,0
2016-11-29 06:35:01,1107000,0
2016-11-29 06:40:01,1107300,0
2016-11-29 06:45:01,1107600,0
2016-11-29 06:50:01,1107900,0
2016-11-29 06:55:01,1108200,0
2016-11-29 07:00:01,1108500,0
2016-11-29 07:05:01,1108800,0
2016-11-29 07:10:01,1109100,0
2016-11-29 07:15:01,1109400,0
2016-11-29 07:20:01,1109700,0
2016-11-29 07:25:01,1110000,0
2016-11-29 07:30:01,1110300,0
2016-11-29 07:35:01,1110600,0
2016-11-29 07:40:01,1110900,0
2016-11-29 07:45:01,1111200,0
2016-11-29 07:50:01,1111500,0
2016-11-29 07:55:01,1111800,0
2016-11-29 08:00:01,1112100,0
2016-11-29 08:05:01,1112400,0
2016-11-29 08:10:01,1112700,0
2016-11-29 08:15:01,1113000,0
2016-11-29 08:20:01,1113300,0
2016-11-29 08:25:01,1113600,0
2016-11-29 08:30:01,1113900,0
2016-11-29 08:35:01,1114200,0
2016-11-29 08:40:01,1114500,0
2016-11-29 08:45:01,1114800,0
2016-11-29 08:50:01,1115100,0
2016-11-29 08:55:01,1115400,16
2016-11-29 09:00:02,1115700,19
2016-11-29 09:05:01,1116000,21
2016-11-29 09:10:01,1116300,24
2016-11-29 09:15:01,1116600,26
2016-11-29 09:20:01,1116900,29
2016-11-29 09:25:01,1117200,31
2016-11-29 09:30:01,1117500,33
2016-11-29 09:35:01,1117800,35
2016-11-29 09:40:01,1118100,37
2016-11-29 09:45:01,1118400,39
2016-11-29 09:50:01,1118700,40
2016-11-29 09:55:01,1119000,42
2016-11-29 10:00:01,1119300,44
2016-11-29 10:05:01,1119600,45
2016-11-29 10:10:01,1119900,47
2016-11-29 10:15:01,1120200,53
2016-11-29 10:20:01,1120500,192
2016-11-29 10:25:01,1120800,339
2016-11-29 10:30:01,1121100,355
2016-11-29 10:35:01,1121400,371
2016-11-29 10:40:01,1121700,389
2016-11-29 10:45:01,1122000,402
2016-11-29 10:50:01,1122300,412
2016-11-29 10:55:01,1122600,428
2016-11-29 11:00:01,1122900,440
2016-11-29 11:05:01,1123200,453
2016-11-29 11:10:01,1123500,463
2016-11-29 11:15:01,1123800,480
2016-11-29 11:20:01,1124100,490
2016-11-29 11:25:01,1124400,498
2016-11-29 11:30:01,1124700,509
2016-11-29 11:35:01,1125000,517
2016-11-29 11:40:01,1125300,524
2016-11-29 11:45:01,1125600,529
2016-11-29 11:50:01,1125900,539
2016-11-29 11:55:01,1126200,544
2016-11-29 12:00:01,1126500,551
2016-11-29 12:05:01,1126800,556
2016-11-29 12:10:01,1127100,559
2016-11-29 12:15:01,1127400,564
2016-11-29 12:20:01,1127700,570
2016-11-29 12:25:01,1128000,573
2016-11-29 12:30:01,1128300,576
2016-11-29 12:35:01,1128600,575
2016-11-29 12:40:01,1128900,575
2016-11-29 12:45:01,1129200,576
2016-11-29 12:50:01,1129500,575
2016-11-29 12:55:01,1129800,576
2016-11-29 13:00:01,1130100,574
2016-11-29 13:05:01,1130400,569
2016-11-29 13:10:01,1130700,567
2016-11-29 13:15:01,1131000,566
2016-11-29 13:20:01,1131300,562
2016-11-29 13:25:01,1131600,559
2016-11-29 13:30:01,1131900,551
2016-11-29 13:35:01,1132200,543
2016-11-29 13:40:01,1132500,533
2016-11-29 13:45:01,1132800,527
2016-11-29 13:50:01,1133100,524
2016-11-29 13:55:01,1133400,512
2016-11-29 14:00:01,1133700,508
2016-11-29 14:05:01,1134000,496
2016-11-29 14:10:01,1134300,479
2016-11-29 14:15:01,1134600,469
2016-11-29 14:20:01,1134900,457
2016-11-29 14:25:01,1135200,441
2016-11-29 14:30:01,1135500,432
2016-11-29 14:35:01,1135800,420
2016-11-29 14:40:01,1136100,406
2016-11-29 14:45:01,1136400,394
2016-11-29 14:50:01,1136700,382
2016-11-29 14:55:01,1137000,367
2016-11-29 15:00:01,1137300,346
2016-11-29 15:05:01,1137600,329
2016-11-29 15:10:01,1137900,306
2016-11-29 15:15:01,1138200,288
2016-11-29 15:20:01,1138500,271
2016-11-29 15:25:01,1138800,252
2016-11-29 15:30:01,1139100,235
2016-11-29 15:35:01,1139400,212
2016-11-29 15:40:01,1139700,198
2016-11-29 15:45:01,1140000,174
2016-11-29 15:50:01,1140300,82
2016-11-29 15:55:01,1140600,64
2016-11-29 16:00:01,1140900,61
2016-11-29 16:05:01,1141200,67
2016-11-29 16:10:01,1141500,47
2016-11-29 16:15:01,1141800,58
2016-11-29 16:20:01,1142100,37
2016-11-29 16:25:01,1142400,33
2016-11-29 16:30:01,1142700,29
2016-11-29 16:35:01,1143000,25
2016-11-29 16:40:01,1143300,20
2016-11-29 16:45:01,1143600,0
2016-11-29 16:50:01,1143900,0
2016-11-29 16:55:01,1144200,0
2016-11-29 17:00:01,1144500,0
2016-11-29 17:05:01,1144800,0
2016-11-29 17:10:01,1145100,0
2016-11-29 17:15:01,1145400,0
2016-11-29 17:20:01,1145700,0
2016-11-29 17:25:01,1146000,0
2016-11-29 17:30:01,1146300,0
2016-11-29 17:35:01,1146600,0
2016-11-29 17:40:01,1146900,0
2016-11-29 17:45:01,1147200,0
2016-11-29 17:50:01,1147500,0
2016-11-29 17:55:01,1147800,0
2016-11-29 18:00:01,1148100,0
2016-11-29 18:05:01,1148400,0
2016-11-29 18:10:01,1148700,0
2016-11-29 18:15:01,1149000,0
2016-11-29 18:20:01,1149300,0
2016-11-29 18:25:01,1149600,0
2016-11-29 18:30:01,1149900,0
2016-11-29 18:35:01,1150200,0
2016-11-29 18:40:01,1150500,0
2016-11-29 18:45:01,1150800,0
2016-11-29 18:50:01,1151100,0
2016-11-29 18:55:01,1151400,0
2016-11-29 19:00:01,1151700,0
2016-11-29 19:05:01,1152000,0
2016-11-29 19:10:01,1152300,0
2016-11-29 19:15:01,1152600,0
2016-11-29 19:20:01,1152900,0
2016-11-29 19:25:01,1153200,0
2016-11-29 19:30:01,1153500,0
2016-11-29 19:35:01,1153800,0
2016-11-29 19:40:01,1154100,0
2016-11-29 19:45:01,1154400,0
2016-11-29 19:50:01,1154700,0
2016-11-29 19:55:01,1155000,0
2016-11-29 20:00:01,1155300,0
2016-11-29 20:05:01,1155600,0
2016-11-29 20:10:01,1155900,0
2016-11-29 20:15:01,1156200,0
2016-11-29 20:20:01,1156500,0
2016-11-29 20:25:01,1156800,0
2016-11-29 20:30:01,1157100,0
2016-11-29 20:35:01,1157400,0
2016-11-29 20:40:01,1157700,0
2016-11-29 20:45:01,1158000,0
2016-11-29 20:50:01,1158300,0
2016-11-29 20:55:01,1158600,0
2016-11-29 21:00:01,1158900,0
2016-11-29 21:05:01,1159200,0
2016-11-29 21:10:01,1159500,0
2016-11-29 21:15:01,1159800,0
2016-11-29 21:20:01,1160100,0
2016-11-29 21:25:01,1160400,0
2016-11-29 21:30:01,1160700,0
2016-11-29 21:35:01,1161000,0
2016-11-29 21:40:01,1161300,0
2016-11-29 21:45:01,1161600,0
2016-11-29 21:50:01,1161900,0
2016-11-29 21:55:01,1162200,0
2016-11-29 22:00:01,1162500,0
2016-11-29 22:05:01,1162800,0
2016-11-29 22:10:01,1163100,0
2016-11-29 22:15:01,1163400,0
2016-11-29 22:20:01,1163700,0
2016-11-29 22:25:01,1164000,0
2016-11-29 22:30:01,1164300,0
2016-11-29 22:35:01,1164600,0
2016-11-29 22:40:01,1164900,0
2016-11-29 22:45:01,1165200,0
2016-11-29 22:50:01,1165500,0
2016-11-29 22:55:01,1165800,0
2016-11-29 23:00:01,1166100,0
2016-11-29 23:05:01,1166400,0
2016-11-29 23:10:01,1166700,0
2016-11-29 23:15:01,1167000,0
2016-11-29 23:20:01,1167300,0
2016-11-29 23:25:01,1167600,0
2016-11-29 23:30:01,1167900,0
2016-11-29 23:35:01,1168200,0
2016-11-29 23:40:01,1168500,0
2016-11-29 23:45:01,1168800,0
2016-11-29 23:50:01,1169100,0
2016-11-29 23:55:01,1169400,0
2016-11-30 00:00:01,1169700,0
2016-11-30 00:05:01,1170000,0
2016-11-30 00:10:01,1170300,0
2016-11-30 00:15:01,1170600,0
2016-11-30 00:20:01,1170900,0
2016-11-30 00:25:01,1171200,0
2016-11-30 00:30:01,1171500,0
2016-11-30 00:35:01,1171800,0
2016-11-30 00:40:01,1172100,0
2016-11-30 00:45:01,1172400,0
2016-11-30 00:50:01,1172700,0
2016-11-30 00:55:01,1173000,0
2016-11-30 01:00:01,1173300,0
2016-11-30 01:05:01,1173600,0
2016-11-30 01:10:01,1173900,0
2016-11-30 01:15:01,1174200,0
2016-11-30 01:20:01,1174500,0
2016-11-30 01:25:01,1174800,0
2016-11-30 01:30:01,1175100,0
2016-11-30 01:35:01,1175400,0
2016-11-30 01:40:01,1175700,0
2016-11-30 01:45:01,1176000,0
2016-11-30 01:50:01,1176300,0
2016-11-30 01:55:01,1176600,0
2016-11-30 02:00:01,1176900,0
2016-11-30 02:05:01,1177200,0
2016-11-30 02:10:01,1177500,0
2016-11-30 02:15:01,1177800,0
2016-11-30 02:20:01,1178100,0
2016-11-30 02:25:01,1178400,0
2016-11-30 02:30:01,1178700,0
2016-11-30 02:35:01,1179000,0
2016-11-30 02:40:01,1179300,0
2016-11-30 02:45:01,1179600,0
2016-11-30 02:50:01,1179900,0
2016-11-30 02:55:01,1180200,0
2016-11-30 03:00:01,1180500,0
2016-11-30 03:05:01,1180800,0
2016-11-30 03:10:01,1181100,0
2016-11-30 03:15:01,1181400,0
2016-11-30 03:20:01,1181700,0
2016-11-30 03:25:01,1182000,0
2016-11-30 03:30:01,1182300,0
2016-11-30 03:35:01,1182600,0
2016-11-30 03:40:01,1182900,0
2016-11-30 03:45:01,1183200,0
2016-11-30 03:50:01,1183500,0
2016-11-30 03:55:01,1183800,0
2016-11-30 04:00:01,1184100,0
2016-11-30 04:05:01,1184400,0
2016-11-30 04:10:01,1184700,0
2016-11-30 04:15:01,1185000,0
2016-11-30 04:20:01,1185300,0
2016-11-30 04:25:01,1185600,0
2016-11-30 04:30:01,1185900,0
2016-11-30 04:35:01,1186200,0
2016-11-30 04:40:01,1186500,0
2016-11-30 04:45:01,1186800,0
2016-11-30 04:50:01,1187100,0
2016-11-30 04:55:01,1187400,0
2016-11-30 05:00:01,1187700,0
2016-11-30 05:05:01,1188000,0
2016-11-30 05:10:01,1188300,0
2016-11-30 05:15:01,1188600,0
2016-11-30 05:20:01,1188900,0
2016-11-30 05:25:01,1189200,0
2016-11-30 05:30:01,1189500,0
2016-11-30 05:35:01,1189800,0
2016-11-30 05:40:01,1190100,0
2016-11-30 05:45:01,1190400,0
2016-11-30 05:50:01,1190700,0
2016-11-30 05:55:01,1191000,0
2016-11-30 06:00:01,1191300,0
2016-11-30 06:05:01,1191600,0
2016-11-30 06:10:01,1191900,0
2016-11-30 06:15:01,1192200,0
2016-11-30 06:20:01,1192500,0
2016-11-30 06:25:01,1192800,0
2016-11-30 06:30:01,1193100,0
2016-11-30 06:35:01,1193400,0
2016-11-30 06:40:01,1193700,0
2016-11-30 06:45:01,1194000,0
2016-11-30 06:50:01,1194300,0
2016-11-30 06:55:01,1194600,0
2016-11-30 07:00:01,1194900,0
2016-11-30 07:05:01,1195200,0
2016-11-30 07:10:01,1195500,0
2016-11-30 07:15:01,1195800,0
2016-11-30 07:20:01,1196100,0
2016-11-30 07:25:01,1196400,0
2016-11-30 07:30:01,1196700,0
2016-11-30 07:35:01,1197000,0
2016-11-30 07:40:01,1197300,0
2016-11-30 07:45:01,1197600,0
2016-11-30 07:50:01,1197900,0
2016-11-30 07:55:01,1198200,0
2016-11-30 08:00:01,1198500,0
2016-11-30 08:05:01,1198800,0
2016-11-30 08:10:01,1199100,0
2016-11-30 08:15:01,1199400,0
2016-11-30 08:20:01,1199700,0
2016-11-30 08:25:01,1200000,0
2016-11-30 08:30:01,1200300,0
2016-11-30 08:35:01,1200600,0
2016-11-30 08:40:01,1200900,0
2016-11-30 08:45:01,1201200,0
2016-11-30 08:50:01,1201500,0
2016-11-30 08:55:01,1201800,0
2016-11-30 09:00:01,1202100,0
2016-11-30 09:05:01,1202400,0
2016-11-30 09:10:01,1202700,0
2016-11-30 09:15:01,1203000,16
2016-11-30 09:20:01,1203300,19
2016-11-30 09:25:01,1203600,20
2016-11-30 09:30:01,1203900,19
2016-11-30 09:35:01,1204200,27
2016-11-30 09:40:01,1204500,31
2016-11-30 09:45:01,1204800,35
2016-11-30 09:50:01,1205100,44
2016-11-30 09:55:01,1205400,46
2016-11-30 10:00:01,1205700,39
2016-11-30 10:05:01,1206000,49
2016-11-30 10:10:01,1206300,60
2016-11-30 10:15:01,1206600,67
2016-11-30 10:20:01,1206900,61
2016-11-30 10:25:01,1207200,77
2016-11-30 10:30:01,1207500,82
2016-11-30 10:35:01,1207800,100
2016-11-30 10:40:01,1208100,133
2016-11-30 10:45:01,1208400,156
2016-11-30 10:50:01,1208700,166
2016-11-30 10:55:01,1209000,308
2016-11-30 11:00:01,1209300,428
2016-11-30 11:05:01,1209600,137
2016-11-30 11:10:01,1209900,512
2016-11-30 11:15:01,1210200,490
2016-11-30 11:20:01,1210500,460
2016-11-30 11:25:01,1210800,468
2016-11-30 11:30:01,1211100,481
2016-11-30 11:35:01,1211400,483
2016-11-30 11:40:02,1211700,495
2016-11-30 11:45:01,1212000,504
2016-11-30 11:50:01,1212300,507
2016-11-30 11:55:01,1212600,515
2016-11-30 12:00:01,1212900,519
2016-11-30 12:05:01,1213200,531
2016-11-30 12:10:01,1213500,539
2016-11-30 12:15:01,1213800,538
2016-11-30 12:20:01,1214100,543
2016-11-30 12:25:01,1214400,549
2016-11-30 12:30:01,1214700,547
2016-11-30 12:35:01,1215000,551
2016-11-30 12:40:01,1215300,551
2016-11-30 12:45:01,1215600,551
2016-11-30 12:50:01,1215900,552
2016-11-30 12:55:01,1216200,558
2016-11-30 13:00:01,1216500,553
2016-11-30 13:05:01,1216800,549
2016-11-30 13:10:01,1217100,554
2016-11-30 13:15:01,1217400,548
2016-11-30 13:20:01,1217700,548
2016-11-30 13:25:01,1218000,543
2016-11-30 13:30:01,1218300,534
2016-11-30 13:35:01,1218600,529
2016-11-30 13:40:01,1218900,526
2016-11-30 13:45:01,1219200,517
2016-11-30 13:50:01,1219500,506
2016-11-30 13:55:01,1219800,500
2016-11-30 14:00:01,1220100,491
2016-11-30 14:05:01,1220400,486
2016-11-30 14:10:01,1220700,474
2016-11-30 14:15:01,1221000,469
2016-11-30 14:20:01,1221300,456
2016-11-30 14:25:01,1221600,443
2016-11-30 14:30:01,1221900,432
2016-11-30 14:35:01,1222200,415
2016-11-30 14:40:01,1222500,397
2016-11-30 14:45:01,1222800,388
2016-11-30 14:50:01,1223100,376
2016-11-30 14:55:01,1223400,361
2016-11-30 15:00:01,1223700,343
2016-11-30 15:05:01,1224000,329
2016-11-30 15:10:01,1224300,313
2016-11-30 15:15:01,1224600,292
2016-11-30 15:20:01,1224900,276
2016-11-30 15:25:01,1225200,258
2016-11-30 15:30:01,1225500,240
2016-11-30 15:35:01,1225800,228
2016-11-30 15:40:01,1226100,212
2016-11-30 15:45:01,1226400,193
2016-11-30 15:50:01,1226700,172
2016-11-30 15:55:01,1227000,102
2016-11-30 16:00:01,1227300,83
2016-11-30 16:05:01,1227600,66
2016-11-30 16:10:01,1227900,43
2016-11-30 16:15:01,1228200,67
2016-11-30 16:20:01,1228500,33
2016-11-30 16:25:01,1228800,29
2016-11-30 16:30:01,1229100,26
2016-11-30 16:35:01,1229400,22
2016-11-30 16:40:01,1229700,19
2016-11-30 16:45:01,1230000,0
2016-11-30 16:50:01,1230300,0
2016-11-30 16:55:01,1230600,0
2016-11-30 17:00:01,1230900,0
2016-11-30 17:05:01,1231200,0
2016-11-30 17:10:01,1231500,0
2016-11-30 17:15:01,1231800,0
2016-11-30 17:20:01,1232100,0
2016-11-30 17:25:01,1232400,0
2016-11-30 17:30:01,1232700,0
2016-11-30 17:35:01,1233000,0
2016-11-30 17:40:01,1233300,0
2016-11-30 17:45:01,1233600,0
2016-11-30 17:50:01,1233900,0
2016-11-30 17:55:01,1234200,0
2016-11-30 18:00:01,1234500,0
2016-11-30 18:05:01,1234800,0
2016-11-30 18:10:01,1235100,0
2016-11-30 18:15:01,1235400,0
2016-11-30 18:20:01,1235700,0
2016-11-30 18:25:01,1236000,0
2016-11-30 18:30:01,1236300,0
2016-11-30 18:35:01,1236600,0
2016-11-30 18:40:01,1236900,0
2016-11-30 18:45:01,1237200,0
2016-11-30 18:50:01,1237500,0
2016-11-30 18:55:01,1237800,0
2016-11-30 19:00:01,1238100,0
2016-11-30 19:05:01,1238400,0
2016-11-30 19:10:01,1238700,0
2016-11-30 19:15:01,1239000,0
2016-11-30 19:20:01,1239300,0
2016-11-30 19:25:01,1239600,0
2016-11-30 19:30:01,1239900,0
2016-11-30 19:35:01,1240200,0
2016-11-30 19:40:01,1240500,0
2016-11-30 19:45:01,1240800,0
2016-11-30 19:50:01,1241100,0
2016-11-30 19:55:01,1241400,0
2016-11-30 20:00:01,1241700,0
2016-11-30 20:05:01,1242000,0
2016-11-30 20:10:01,1242300,0
2016-11-30 20:15:01,1242600,0
2016-11-30 20:20:01,1242900,0
2016-11-30 20:25:01,1243200,0
2016-11-30 20:30:01,1243500,0
2016-11-30 20:35:01,1243800,0
2016-11-30 20:40:01,1244100,0
2016-11-30 20:45:01,1244400,0
2016-11-30 20:50:01,1244700,0
2016-11-30 20:55:01,1245000,0
2016-11-30 21:00:01,1245300,0
2016-11-30 21:05:01,1245600,0
2016-11-30 21:10:01,1245900,0
2016-11-30 21:15:01,1246200,0
2016-11-30 21:20:01,1246500,0
2016-11-30 21:25:01,1246800,0
2016-11-30 21:30:01,1247100,0
2016-11-30 21:35:01,1247400,0
2016-11-30 21:40:01,1247700,0
2016-11-30 21:45:01,1248000,0
2016-11-30 21:50:01,1248300,0
2016-11-30 21:55:01,1248600,0
2016-11-30 22:00:01,1248900,0
2016-11-30 22:05:01,1249200,0
2016-11-30 22:10:01,1249500,0
2016-11-30 22:15:01,1249800,0
2016-11-30 22:20:01,1250100,0
2016-11-30 22:25:01,1250400,0
2016-11-30 22:30:01,1250700,0
2016-11-30 22:35:01,1251000,0
2016-11-30 22:40:01,1251300,0
2016-11-30 22:45:01,1251600,0
2016-11-30 22:50:01,1251900,0
2016-11-30 22:55:01,1252200,0
2016-11-30 23:00:01,1252500,0
2016-11-30 23:05:01,1252800,0
2016-11-30 23:10:01,1253100,0
2016-11-30 23:15:01,1253400,0
2016-11-30 23:20:01,1253700,0
2016-11-30 23:25:01,1254000,0
2016-11-30 23:30:01,1254300,0
2016-11-30 23:35:01,1254600,0
2016-11-30 23:40:01,1254900,0
2016-11-30 23:45:01,1255200,0
2016-11-30 23:50:01,1255500,0
2016-11-30 23:55:01,1255800,0
